Smiles,QED,Penalized_logp
CCCCCCCC,0.48061060527513716,2.9009610474922916
CCCCCCC,0.47630987365330063,2.681833722199143
CCCCCC,0.4629542813199688,2.4718645450540846
C1CCCC1,0.40836192922302755,2.2791607629324333
CCCCC(C)C,0.5112703489666591,2.2669899214859477
CCCCCCCl,0.3954804553285623,1.9161063628291568
CC=CCCCCC,0.3868985709366228,1.748476073119949
C=CCCCCC,0.3744010571354258,1.7333656364669212
CC1CCC1,0.40744549376256517,1.6773078661282257
CCC=CCCCC,0.3868985709366228,1.6556849085863057
CCCCCOC,0.4918698876466746,1.6273988946126874
CCC1CCC1,0.45657894720556935,1.6153673888712852
CCCCC,0.4687855098011332,1.6113132664733525
CCCC1CC1,0.480823156308253,1.6106123041723626
CCCCCCCO,0.5441914935658748,1.6006903837213047
CC(C)C1CCC1,0.472252475948651,1.5978491010919487
CCCCOCCC,0.5002959280924315,1.597686888112631
CCCCCCl,0.3829950768825925,1.5849431802400553
CCCC(C)C,0.4838902980848686,1.5504347923654802
CCCC=CCCC,0.48997617635194024,1.5342839529860215
CCC(C)C,0.44444083512699417,1.531125677879772
CCCCCBr,0.4291365189405641,1.5283851697267183
CCCCCCF,0.4806416966249905,1.496917212083621
COCCCC(C)C,0.5107961299327568,1.4622406443480838
CC1CC1,0.3934207493755274,1.4616576384060083
CCCC,0.4310243576713091,1.4519910838469547
CCCCOCC,0.4918698876466746,1.4343540402762787
CCCCOC,0.474106795831282,1.3399942942678678
CCC1CC1,0.4410497751190364,1.332974991086743
CCCCCCO,0.5339278817039772,1.3323218369990377
CCCCCNCC,0.5385143187656956,1.314913587018448
CCCC(C)CC,0.5112703489666591,1.3056331598956625
CC=CCCCC,0.37585889993223304,1.2799725179806263
CC1(C)CC1,0.40744549376256517,1.2734623043159197
C=CCCCC,0.36350557388151317,1.2655153529995615
CCCCCCN,0.5337740881212314,1.2647791298793079
CCCCC(C)=O,0.5278529243600644,1.2629380224612226
CCCC=C(C)CC,0.4918840455357696,1.2524806211693988
CCC(C)CC,0.4838902980848686,1.250129390838407
CCCOCCC,0.4918698876466746,1.195976868470023
CC(=O)CCCCCCCS(=O)(=O)Cl,0.48388295671406706,1.1756680364800298
CCC=CCCC,0.47599531368341325,1.1708689519813502
CCCCCF,0.46561872605695825,1.122359919956992
BrCCCC1CC1,0.5605898893240564,1.1183721091449716
CCCOC(C)C,0.527838421936117,1.0762828400670341
CC(C)C,0.3971180036971562,1.0687700110432745
CCCCC(CC)OCC,0.5565546467624632,1.0631963617528977
CCCCCO,0.513281356352027,1.0546459803889505
CCCNCCC,0.5276462374247944,1.0383906278988464
CCCOCC,0.474106795831282,1.0180293781143912
CCCCCNC,0.5276462374247944,1.0126600569608037
CCC,0.3854706587740357,1.0009758134776354
CCCCNCC,0.5276462374247944,0.9836421279960128
CCCCCN,0.5130177383287362,0.9788313274898233
CCCCCl,0.4574501894338695,0.9406899549592955
CCCCC(=O)Cl,0.5205730293327805,0.9112633229931028
CCCC(=O)CC,0.5278529243600644,0.8968634086772966
CCCCCC=O,0.3883941773179649,0.8866482156128104
CCCCCC=CO,0.4397239690080871,0.8804391238192983
CCCCC(C)Cl,0.5027945201552543,0.8777985129947719
CCCCCS,0.41121378885188975,0.8581522578705979
CC=C(C)CC(C)C(C)C,0.5249883534532827,0.8534483032664654
CCCCC=CBr,0.5604886123368279,0.8471831026803819
CCCCC(C)Br,0.5636574537913783,0.8233469519380658
CC(C)CCCN,0.5707309696429477,0.8053296499362173
CC(C)CCCS,0.5402593476073018,0.7746153523730063
CC1=CCC1,0.37908242774858664,0.767638820378475
CCC=CCC,0.4504228125641928,0.7625042207329505
CC=CCC(C)C,0.46558550890495903,0.7528164800026905
C=C(C)CCC,0.4504228125641928,0.7500620951801377
CCCCC(C)F,0.5157993027155561,0.7390858942224479
FCCCCCCl,0.39882609715044887,0.7311898527136351
CC=CCCC,0.4504228125641928,0.7251383914067001
CC=CC=CCCC,0.4898835216747313,0.7197856420407169
CCCCCC(C)N,0.5563998864430462,0.7051261465081934
CCCCBr,0.5113821197020362,0.7015587343885283
CC(=O)CC(C)C,0.5150193170931499,0.6927548691146361
C1=CCCCC1,0.3925134126271643,0.6907294010901834
CCC=CC(C)C,0.46558550890495903,0.6754246502401166
CCC(=O)CCCOC,0.5255752353541132,0.6577612028862322
COC1CCC1,0.46537493192546486,0.6575683243441227
CCCNCC,0.5063674003514815,0.6542657906109437
CCCCNC,0.5063674003514815,0.6539335576188816
CCC(C)(C)Br,0.5049316447493746,0.6528036759208858
CCCC(=O)O,0.5434407472889116,0.6338184973960026
CC(C)F,0.39721144369877814,0.6237715698209825
CCC=C(C)C,0.4277114586929072,0.6134700377093645
CCC(C)CCOC,0.5460371722763138,0.6131614950720305
CC(C)=C(C)Cl,0.4431624299508737,0.5971171032725391
CCC(C)=O,0.4510508050249618,0.5918533395022016
CCCC(C)=O,0.4957688321065222,0.5903576213181763
COCCCCCO,0.540825251834061,0.5803579215834578
CC=CCCCCl,0.30366327580175356,0.5632058100727731
CCCC(Br)CC,0.5636574537913783,0.5629132009364164
CCOCC,0.4752681489358652,0.5597555496967198
CC(C)CC(=O)O,0.5668189166571438,0.5555865303421643
CC(C)=O,0.3982369618339747,0.5485831645306647
C1COC1,0.3916450287186053,0.5475979594993705
CCCC=CCBr,0.4428456676756334,0.5430786771596613
CCCCC(N)=O,0.5572457708532276,0.5336285603203172
COCC(C)C,0.49389656658538444,0.5227458863700115
CCN1CC1,0.40226769186790917,0.5192090073278564
CCCN(C)C,0.4845702325749548,0.5004025941191463
CC(C)Br,0.43047180293883447,0.48895265535275373
CN1CC1,0.35166266326567963,0.487308115751961
CCCOC,0.4752681489358652,0.48501590467421685
CCC(=O)O,0.4908446664452931,0.48155678685259207
C=CCCC,0.4356038269849662,0.45942712464439617
CCCC(F)F,0.49089792668390936,0.45877078634801555
CCOCCOC,0.4879028253730165,0.45755681715120855
CC=CCCCCO,0.4356031789889093,0.44820540934895803
Cc1cc1=O,0.4250742208425822,0.4464143358807571
CCC(Cl)CC,0.4745676335386284,0.42534091928004236
CCCCC(C)O,0.5729664843005482,0.41994194845505817
CCCCl,0.41843603646014177,0.4185849627887198
CCOC(C)=O,0.43785087777866244,0.40891268588892515
CCCCO,0.5128217987135145,0.4075400237436353
CC=CCOCCC,0.4009143058127051,0.40429950196725817
CCCCC=O,0.3742788667470001,0.38907564738004996
CCCCCN=O,0.3927707229118371,0.3890544433578863
CCCNC(=O)O,0.539100637864967,0.3762391505775653
CC(=O)O,0.4298828832001217,0.36488388519681325
CCC(C)(C)O,0.5097634659284825,0.3584399540919274
FCCC1CC1,0.4821210846431448,0.35010459182453885
CCCSC,0.4975846945635395,0.34283924942282595
CC(C)CCC=O,0.4923993182856671,0.3422262621832455
O=C1CC1,0.39106986074902667,0.33777114488247273
CCCCF,0.4697630483856065,0.3375809240399637
CC1CC1C,0.40635477580113116,0.33665563054821335
C=CCCC(C)=O,0.48920268258572414,0.3353219284677854
CCCCC(C)N,0.5728006774866798,0.3336504204381201
C=C(Cl)CCC,0.5051850775908756,0.3330796181663694
CC(C)CO,0.4834802442445536,0.33214077218952753
CC(C)CF,0.4448103712407893,0.32237741170190215
COCCOC,0.4632611164076684,0.32207995975976345
CCCC=C(C)O,0.5274872096772778,0.3156229728751813
CC(C)O,0.42840479403162834,0.30340482206891006
C=CCCC=CC,0.37386133346116,0.3033608006311549
CCCC(F)CC,0.5157993027155561,0.30161810192155947
OCCCCCCO,0.5168950977146299,0.30041971995031713
CCCBr,0.46598815106797925,0.29134669038722133
CCOCCCl,0.390816025188654,0.28007298111726586
CCCCN,0.5124148721749513,0.27001788439053387
CC1=CC1,0.3659090296777705,0.2655622243726754
CC=CC=C(C)C,0.4398963531042583,0.2605382022694873
OCCC1CC1,0.5261523732951082,0.25926931246500917
OC1CC1,0.41981056015450824,0.24518233989410554
CCC(=O)CC,0.4957688321065222,0.24513431926398443
C1CCOC1,0.410937601049349,0.2435536522541646
CC=C(C)CC(=O)CC,0.530240264478204,0.24208334233509332
CCOC,0.4315009980580737,0.23975044223736397
CCNC(C)C,0.5295960389423651,0.23504613677073838
CC=C(C)CC,0.4277114586929072,0.23422607726777211
CC(C)CCN,0.5337290563406336,0.22672135059860588
CCCC=CCl,0.5051850775908756,0.21900880464516675
CC=CC=CCC,0.46325472131952733,0.2155638609913809
CCNCCCCl,0.43587525003404076,0.21265149859385024
CCC=C(C)COC,0.5097029698996269,0.21165110930684577
COCCCCN,0.5216716305101281,0.21034430229285195
CCCOCOC,0.39130553466661755,0.20826599357422593
CC(C)OCCCO,0.552991092697542,0.20208461768903851
CCC(=O)OC,0.43785087777866244,0.18230763643481818
CCCC(C)Br,0.5317433680072895,0.17373861645743205
CCCC=CBr,0.5656717322529703,0.16773537516185344
CC=CCCCF,0.37865031451062503,0.16402058263890745
CCCOCCF,0.49183995247429807,0.16244494408072008
CCCCS,0.49025297206668045,0.16111312006459455
COC(C)=O,0.38296659073251405,0.16091250146560077
CCCCOO,0.3210780265665897,0.15840293416697793
CCCC(O)CC,0.5729664843005482,0.15613049536742019
CC(C)CN,0.4830069343358933,0.15212765946672868
COCCC(C)=O,0.5215843745625793,0.14322426914158792
CCCCOOC,0.30441639741463833,0.1426475567680423
CCCCC(=N)N,0.4048473629364155,0.1357461904096835
CCCl,0.37198554725482313,0.130133141175391
CC=CC(C)C,0.4272019529906664,0.12325102263776912
CC=C1CCC1,0.3925134126271643,0.12267097117239581
O=CCCCCCl,0.31295278767931733,0.12092085624282278
CC(C)CC=CCCN,0.5737077436581823,0.12002938898815829
CCC(F)CCCCl,0.5244208377677859,0.11843413011340828
NCCC1CC1,0.525654446527439,0.11537804303567278
CCOCCBr,0.43964435405542746,0.10930987958176919
CCCC=CCCN,0.5515173068954319,0.1076709062102833
CCOCOCC,0.39130553466661755,0.10199515098097156
CCC(O)CC,0.5368317574835781,0.10069871012511167
CCOCCCO,0.5231698368256403,0.09891834237154162
NCCCCCl,0.4221411014624695,0.09190996267579377
CC(=O)C=C(C)C,0.45451770182887,0.09135651087670482
CCC(C)Br,0.4855892305522946,0.08546498018563703
CCC=CC(C)=O,0.4786524594024578,0.0850766558894489
CCCCC=NCC,0.39149774737588244,0.0809867466170347
CCCC=COC,0.492368241979608,0.07335507320824386
CC(C)N,0.4279299473771721,0.0733302380418499
CC=C(Br)CCC,0.5862365191105562,0.06894529043706038
C=CCCOC,0.3702746160131287,0.06743729626349615
CC=CC=CC=CC,0.47695428294611725,0.06640523074703916
CC=CCCOC,0.38638530609363386,0.0587742143247591
CCCC(C)F,0.4870001538010833,0.05854112996407779
CCC(=O)Cl,0.44385376448712976,0.048892138964156784
CC=CCNCCC,0.4307243005845543,0.04361001348413851
C1=CCCC1,0.37908242774858664,0.04299990417012595
CCCCCC(C)NO,0.4411595281783429,0.042212478586931806
C=C(O)CCC,0.5083528326025545,0.042100538672683874
CCCOCCl,0.3943543229142682,0.04040926420836477
CC=CCC,0.4136396804400309,0.038411254546698276
CCCO,0.46378398302396845,0.03324747746130008
CCC=CCCl,0.37224323155695543,0.03237606361134682
CCC=CCBr,0.4171679141689015,0.018977195223383897
CCC=CCOC,0.48932616737254603,0.01762978114961783
CCNCCCCO,0.5097808553911944,0.014642923247458528
CC=CCCCC=O,0.30833086071825155,0.013442621452120301
COCCCF,0.47159433420950964,0.013268393689195856
CCCOCCO,0.5231698368256403,0.011165117599144736
CCBr,0.4121785720964007,0.010416254566463112
C=CCOCC,0.3702746160131287,0.007479623476861819
CCNCCOC,0.5146123964018527,0.007168394889531582
CCOCCCS,0.4349236195958021,0.0016546366195487883
ClCCCBr,0.5380952130644193,-0.00753971324499661
CNCC(C)C,0.5264737113970558,-0.009733228176505682
CNC(C)C,0.479357221298541,-0.010201547651662146
CCOC(=O)O,0.48188683745544014,-0.011255742082078024
CC=CCC=CC,0.46325472131952733,-0.016168650973586662
CC1CC=CCC1,0.40598721941538585,-0.021740009245432568
CCNCC,0.5048540523547576,-0.024726546902555047
CCCF,0.429990770687244,-0.025209829641028025
CCC=CC(=O)O,0.5261667329565904,-0.026355026149716743
SCCCCCl,0.331932114016372,-0.028769106943434042
CCCC=CCF,0.4795304175697433,-0.029487649291694534
CCC(C)F,0.4460635716061669,-0.033602517281945354
NC1CC1,0.41922050844055486,-0.038510957574473315
CCCC=CCC=O,0.40091078789217083,-0.039624048280357926
C=CCC,0.39998668920534597,-0.04073487225969841
CCC(Cl)CC(Cl)=C(C)Br,0.6523220659330076,-0.04095074875410276
CC(F)F,0.39915452119348377,-0.040989618608631595
CCCN,0.46327091845476276,-0.04193270270992566
COC,0.3800398096193344,-0.045600538116699285
CCSC,0.454269072143213,-0.05630262090700067
CCCC=CF,0.48538389148505184,-0.06717950141366541
CCC=C(C)Br,0.537149262857952,-0.07183160604723418
CCC=COCC,0.492368241979608,-0.0773475605868938
CCC=CC=C(C)O,0.42932932094436077,-0.08130923583506566
CCCC(C)=N,0.494469074982404,-0.08200457220305324
CC=NOCCCC,0.31085357554615517,-0.08442922858261881
CC=CCCCO,0.41881956028467215,-0.08506688811175356
CCOCOC,0.37348441386446735,-0.0904695003946887
CCCC=CCO,0.5304015629545965,-0.09677372959528763
CCC=C1CC1,0.4248861627398416,-0.09862734838554593
CC=CCCCS,0.3262350591667958,-0.10294439470728617
CCC(C)C(=O)O,0.5668189166571438,-0.11352191407010259
CCC1CC1C,0.45585335013595296,-0.1219151636850404
CCCNC,0.5048540523547576,-0.12788489093857358
CCC=CCCO,0.5304015629545965,-0.12879924143560845
CCCCNCl,0.4261688999028632,-0.1292671045018169
CCCCOC=O,0.3900893193176149,-0.1311384880382953
CCCC(N)=O,0.5158494162613733,-0.13771519579671043
CC(Cl)=CCCCl,0.5156604599076909,-0.13985627918212917
C=CCCCC=O,0.29593236974562226,-0.14229894096028906
C=COCCC,0.3738137913979829,-0.14255386154164912
CCC1=CC=C1,0.4509013768639901,-0.14256597717350583
CCCCC=NC,0.3781481196382017,-0.1463398981644808
CC=CCCBr,0.4171679141689015,-0.147533827486929
NCC1CC1,0.47412923240702237,-0.14891883759935776
CC=CCCCl,0.37224323155695543,-0.1509023429172187
CCCCOCO,0.42105400509861646,-0.15116809179170243
CCOCCF,0.47159433420950964,-0.15170605143281557
CC1CCO1,0.4109070592113358,-0.1532236557692459
CC1(O)CC1,0.4422992650392229,-0.16215085546177854
CCCC=CC=CO,0.4387923876561411,-0.1711602822127431
CC=COCCC,0.3887874112876412,-0.17373884315296817
CCCCN=O,0.3790462292490281,-0.17551498418087585
CCCOCCN,0.5216716305101281,-0.1834741949321983
CC=CC=CC,0.42498877012082614,-0.18568955420647704
CC=CCCCN,0.41862214489690786,-0.18960111600582114
CC(C)C=O,0.41938247962025627,-0.190731715352769
CCCC(C)(F)Cl,0.49686605731477007,-0.19770973362274175
CC=CCNC(C)C,0.5475821388236867,-0.19956311728006754
CC=NCCCC,0.37814811963820183,-0.20321294062183493
CCOCCO,0.49472125079952195,-0.20360777703479171
CCCS,0.447387643084952,-0.20903787220982833
CCC(N)=O,0.46174544090016045,-0.21403247142075177
CC1C=C1,0.3642941626057893,-0.2142948128241981
C=CC=CCC,0.4475555500220085,-0.21432388521003515
CCCCC=N,0.39905231230383886,-0.21440011169281092
COCCCN,0.49312039230134647,-0.21900793678319586
CC=C(C)Br,0.4775932831469957,-0.2238375978634204
CCC=C(C)O,0.48272051392184473,-0.23123861833182385
COCCCC=O,0.38378177842953853,-0.2322660413545763
CCCC=C(C)N,0.5593219523705648,-0.23995189252024712
CCCC=CC=O,0.3862877991333781,-0.24572831717404264
CCC=CC=CCl,0.4869554852736412,-0.24726560319748825
CCC(C)O,0.4869274292842043,-0.24862497892521074
CCO,0.40680796565539457,-0.25773300636940877
CCCC#N,0.45506987992747255,-0.2590059055027674
CCCCC=CN,0.5347561516797669,-0.26238879106181706
C=C(C=CC)CCCl,0.4072304259854697,-0.2645807560023453
CCCC(C)O,0.536831757483578,-0.2668118812772267
CCNCCCl,0.4163506952508559,-0.2678099776759062
COOCC(C)C,0.3956558291608457,-0.2700289579647526
CCC1=CC1,0.4103474503206147,-0.27529378417857236
CCCOCF,0.47716324036913954,-0.27773570277466925
CCC(=O)Br,0.4977297906448114,-0.2881781150365254
C=CCCCN,0.3998365175457749,-0.2898842265438041
CCC(C)OC,0.49586589172881834,-0.29211525801992316
OCCCCF,0.5086144616592577,-0.2948586447081435
COCCCl,0.4616792975641894,-0.2974549214375467
CCCC(=O)F,0.46664902338318537,-0.30028739411193905
CCCC=CCN,0.5301515521142474,-0.3075175992682806
CCC(S)CC,0.5095292042512897,-0.3089951527696102
CCCCON,0.40729124254019333,-0.31047411692773763
CCCC=CCCNO,0.3362822718797124,-0.3147366667798576
CCC=CCCN,0.5301515521142474,-0.3212353246511541
CC(=O)F,0.3733360674146106,-0.32706291561187073
CC(C)=N,0.40164156983922156,-0.32833072929225693
CC(C)CC=O,0.4618018883133206,-0.33364693705892934
C=C(O)OCC,0.511088555325819,-0.3346863216574054
CCCC=CO,0.5083528326025545,-0.33653848086252447
CCCC(C)N,0.5365551282796487,-0.3609699482507136
CCC1(O)CC1,0.5027989833293854,-0.3619574533757286
OCCCCO,0.4690628122836084,-0.3625725842761851
CCC(C)N,0.48654006674273037,-0.3638224551961624
C1=CC1,0.35273702798343604,-0.36635654694552466
NCCCCF,0.5080659278709948,-0.37067329760726864
CCCCNBr,0.478815924336966,-0.3714914461741834
CCC(=O)CBr,0.5442213234915619,-0.3736786703931828
NCCCOCCCl,0.44485828699640007,-0.38133609265458723
C=CC(C)=CC,0.42498877012082603,-0.38397035678295366
C=CCC=CC,0.4475555500220085,-0.3884243553328188
CC(C)COO,0.40657205922511674,-0.3902676307938935
CC=CCOC,0.45881038957637255,-0.3933075700439119
CCCC1CC1=O,0.5095344128763949,-0.3983464834543743
CNCCOC,0.48550167404168576,-0.39931167913907983
CCC(C)CO,0.5340885234757722,-0.4016885724495438
COCCBr,0.5187878465726726,-0.40224900948624254
CC1CC1=O,0.4074965782358538,-0.41100829905677694
CCOC(N)=O,0.4950193943469449,-0.415173629555456
CCOCC(C)Br,0.5820900682053878,-0.41573073247495385
CC=CCCF,0.4522346487386326,-0.42017791322376874
CCC(=O)F,0.42376556156326056,-0.42157693566179977
CCCNCCl,0.32456932097111574,-0.4279350398283761
CCC(C)=C(O)F,0.5051850185921052,-0.42837211982733614
O=C1C=CC1,0.4040651124250951,-0.429631487592392
CCOCCN,0.49312039230134647,-0.4303496488602061
CCOCCC=CO,0.44505887067770955,-0.4334136360576879
CC(N)=O,0.40103092275538377,-0.436589537797446
NCCCCO,0.46691511703339555,-0.4383872371753126
O=CCCCCl,0.30028649513138683,-0.43970494382269765
COCC(=O)O,0.5067643971594255,-0.4415790662599235
COCC(C)=O,0.48239305419745987,-0.4555044293432168
CC=C=CCCC,0.46323119980438315,-0.4572182190257035
CCC(C)CF,0.48617272616132184,-0.45802697135803894
CCOCCS,0.41612490460451074,-0.4608066965719242
CCCCC=C=O,0.38648879825703164,-0.4616085584243781
CC=C(C)F,0.4112264130740069,-0.4627807994677198
O=CCCCCO,0.41045939226874023,-0.4628636695872913
CCCC(C)S,0.5095292042512897,-0.4644746486364062
CCC=COC,0.46319581154936157,-0.4692946269560525
CCCOOC,0.29190261556370173,-0.47209014544413697
CC=CC(C)=O,0.43543001604271575,-0.47354044602010537
CCC=CCl,0.4628972027643935,-0.4744979617091516
CCCC=O,0.4443450475833798,-0.47521165508740604
CC=CCCC=O,0.2970846711757427,-0.4801274360490019
CC(C)N=O,0.42809320803525286,-0.48024478031722295
COCCCCNO,0.4061330401009646,-0.48215397975459207
CCF,0.38239715499610855,-0.48561991073039334
CCCC(=O)CN,0.5557716273770015,-0.4954155396963029
CCC=CC(C)Cl,0.3863241853309911,-0.49617260583727774
CCC(Br)C(C)=O,0.569315531983202,-0.49619188291710215
CC=CC=C(O)CC,0.4293293209443608,-0.49981997181494364
CC=CC=C(C)O,0.39268894302332563,-0.4999383158502886
CCNC,0.45552455362260735,-0.5002450906303133
CC=CCCNC,0.41347708883161016,-0.5102126431304574
CCC=C(C)C=O,0.37795705476319424,-0.5102202650305145
C=CCNCC,0.39425467525529634,-0.5104816014685067
CCN,0.40623709538988323,-0.5138325081081865
NCCCCN,0.464598962858402,-0.5142018900744398
CCCC=C(F)CC=O,0.5331383841006947,-0.5148318750754463
CC1CO1,0.36728744088172044,-0.5172666722664814
CCC=CCC=O,0.3862877991333781,-0.5182293144547123
CCOCC(C)Cl,0.5175929855088961,-0.5193759321698146
CC=CC,0.3695110694427644,-0.5200917076433843
CC=C1CC1,0.37908242774858664,-0.5273691778114873
NCCCCC=O,0.4089367587637223,-0.5304063767070234
CCCC=NCC,0.47889442782499475,-0.5315028516489058
CCCCNCO,0.39664402172370183,-0.5343055620807496
CCC(C)CC=O,0.4923993182856671,-0.5352601262992107
CC=CC=CCCO,0.5484172020412377,-0.5374381970084646
CCCC(F)Cl,0.4788608013329311,-0.5436169423933572
CC1(C)CC1O,0.46152072662614674,-0.5449678544579355
CCC(F)Cl,0.43780876440143573,-0.5466929515334671
CCC=CC=C(C)S,0.4288268239502124,-0.547246997418351
C#CCCCCN,0.4078732394043931,-0.5491823034882592
CCOCCl,0.4677687119866787,-0.5492179888987953
O=C1CC1=O,0.2849495442442598,-0.5511198547754945
CC=C(O)OCC,0.5344203736306278,-0.5512906089980157
CCC1C=CC1,0.4241248002149495,-0.5546422775691957
CCC=CCO,0.4958090298855456,-0.5574946646293186
CCCC(C)CNCF,0.5650207074742866,-0.5596013770647594
CCCC(=N)Cl,0.5197415542120348,-0.5610260232683284
CC=COCC,0.46319581154936157,-0.5642924981244868
CC=C(Br)CC,0.537149262857952,-0.5656184277195864
C=CCOC,0.43866047481208664,-0.5685931624636685
C=CCCNC,0.39425467525529634,-0.5749140373670092
CCOOCC,0.29190261556370173,-0.575715692125246
CC=CCNCC,0.4134770888316101,-0.5759423177183699
CC=CC=CC1=CC1,0.4741766703221329,-0.5787626235610976
CCC=CBr,0.5169830403207122,-0.5852211308470016
OCCCCl,0.49733307627124734,-0.5857709704090401
NC(=O)F,0.31265683006129635,-0.5884240635305205
C=CCC(C)=O,0.45855122306098733,-0.5912838184077533
CC(F)=CCCBr,0.5542270182268498,-0.595410693188301
CCC=CC=CCO,0.5484172020412376,-0.5979121523140176
CCC=CCF,0.4522346487386326,-0.6053355126136982
CCC(C)S,0.4655191344262667,-0.606822728049942
CC(O)C1CC1,0.49958489124892663,-0.6083340567187645
CCC=O,0.40325990291792796,-0.6167863488214724
CCSCOC,0.39643999874001695,-0.6218634949456077
CC=CC(=O)O,0.4754507760803202,-0.6245355401976129
COCCl,0.4241128022516135,-0.625085799557
CC=C1C=C1C,0.4165464863574293,-0.6270315869622488
CCC=CC(O)CC,0.5537880507124328,-0.632098348440979
CCCOO,0.390606564095757,-0.6328226596153017
CC=CCCO,0.4958090298855456,-0.6328907892659499
CC12CCC1C2,0.4177736005808149,-0.6342699220383925
CC=CNCCC,0.5288308205638755,-0.634435231142118
NCCCCS,0.3999052956067053,-0.6348809596936653
CCC(=O)S,0.47228667606379754,-0.6367405899821335
CCCC=CNC,0.5653161191947067,-0.6392438665535779
O=C1CCN1,0.3833525619793289,-0.6396638644372155
CCC=C(N)CC,0.5593219523705648,-0.6489399344458324
C=C=CCCC,0.4475019853489157,-0.6535532754717485
SCC1CC1,0.4591605198768146,-0.654100892306196
CNC,0.39867093981547685,-0.6542717521766672
COCOC,0.43839625187853903,-0.6552679278040305
C=CC,0.3570688167166915,-0.6570545135695389
CC=CC(C)OCC,0.5096919874448254,-0.6650430840011582
CC=CCC(C)Br,0.4332943154810579,-0.6650968900486425
CCCCNN,0.29465265793754214,-0.6653297073314551
CCCC=CC(F)=C=S,0.4332813288198962,-0.6672574774577138
CCC(F)Br,0.49009742692677777,-0.6681741966835851
CCSCCN,0.5345414449134974,-0.6682054126411641
CCCNC(C)Br,0.49683454586041864,-0.6691909552846158
CCC(C)CN,0.5337290563406336,-0.6698259829341235
OCCCBr,0.5597006103704939,-0.674809547718682
NC(=O)Br,0.3695334469505062,-0.6774986479038706
CC=C(O)O,0.4200275604658813,-0.6804604779663038
CCCOCC=O,0.38378177842953853,-0.6868831761274261
CCCOCl,0.5047708063021782,-0.6871784783859642
O=CC1CC1,0.4126363103565617,-0.6887644970214459
NCCCCl,0.4967057539158654,-0.7007907136457738
CCNCCO,0.4605282559594687,-0.705995580477137
CC=NOCCC,0.2990819680575788,-0.7088561649055376
COCCF,0.4696857961120063,-0.7094916473437992
CCCCOC=NC,0.3086013224590362,-0.7124957932600979
CCC(C)=NC,0.4276108380390934,-0.7131940468176415
COCCO,0.48573367049540345,-0.7133393846464493
CC=CCCS,0.39921186914767726,-0.7153870663821801
CCC1CCC1F,0.4755282681142269,-0.7224029776346772
CCCC(=O)C=O,0.3831964985572301,-0.7228180769679828
CCC=CCC(N)=O,0.5410182592548383,-0.7233559859781546
CCCOCO,0.4003031958098765,-0.724890866123343
CC(C)C=CO,0.4815056837901244,-0.7256991412687769
CCCOC(O)CC,0.5608017702307067,-0.7273910915590116
CCNCCF,0.5004430630978378,-0.7274239055923918
ClCBr,0.4357075621383731,-0.7278023024744427
CCCONCC,0.42203853816648584,-0.7288199540149211
CCCOC=O,0.37212291456454344,-0.7308852693552519
CC(=N)O,0.3102171430882354,-0.7335671206470993
C=NCCCC,0.36342005789225096,-0.7351158870773611
CC1C=CCC1,0.39181005951967607,-0.7359340040919043
CC=C(O)CC,0.48272051392184473,-0.7410390702216837
CCCC=CC=N,0.5206265375471117,-0.7427239487260853
COC(C)Cl,0.44415994956797644,-0.7440902602781299
CC(=O)CCN,0.5117361984190104,-0.7481844863278406
CCC(C)C(N)=O,0.5409744937836245,-0.7489032699285985
CCCNCBr,0.3651961185649642,-0.7494488615131292
CCCOCC(C)S,0.454864943629733,-0.7510894139477697
CCC(=N)Cl,0.47437614777278625,-0.7556836838990935
CC(=O)S,0.4147376523451358,-0.7576777775985575
CC=CC=CCl,0.44597896773401224,-0.7583591799099246
CCC=CC=CO,0.4135406115140387,-0.7605318689782357
CC(F)CCl,0.435052358486163,-0.7637268990286395
CCOCBr,0.524713367531205,-0.7657573660091797
CC=CCCl,0.3402932895932202,-0.770280421554151
CCC(Br)CCO,0.63179918627329,-0.7726521844082057
CC=CC=CBr,0.4994486442630765,-0.7774683028489976
CCC(C)(O)F,0.5126706942880889,-0.781663899985885
CCC1=CC1C,0.42412480021494947,-0.7859207377783421
C=CC=CCOC,0.4843416677387426,-0.7876633709497672
COC1=CC1,0.4454507813619982,-0.7876955962309788
CCC=CC(C)Br,0.4332943154810579,-0.7889182804522266
CC(F)CBr,0.4875555712911831,-0.7889511854778977
CC=CC=COC,0.3772055273775381,-0.788977237844525
NCCCBr,0.5589512824225505,-0.7898292909554157
CCCN(C)O,0.5036816684264883,-0.7915740327259432
CCC=NOCC,0.3888848076348501,-0.7931646581286333
CC(C)=CCN,0.4704595264719073,-0.7969783638524727
CCOCC(C)(F)Cl,0.5448285419857133,-0.7973165150468684
CC=CCBr,0.3804257530612643,-0.7995042821001846
CC=C(C)N,0.4502242490344803,-0.8002041527098792
CCC=CCN,0.4954407902904492,-0.8033606980604424
CCC=CC=O,0.36208456954875373,-0.805157422745123
CC(C)(C)NN,0.3288045387345804,-0.8054376026875678
CC(O)O,0.36477251713204983,-0.8078055346012414
CCCOCC=S,0.40753839794057256,-0.8079005812139466
CC1CCOC1,0.4277560764363279,-0.812389610418826
CC(Br)=CC=CBr,0.6018467361012146,-0.8125633610218916
COCCC(=O)F,0.4900601427944981,-0.8142826359415011
COCBr,0.4744154680914489,-0.81954588068621
CCC1CO1,0.41717472256751875,-0.821391056181569
CCOO,0.35368629093854076,-0.821398383132711
CCCC=NC,0.4503168489829705,-0.8249641468687973
COCOCCF,0.38705761855675136,-0.825265930815077
C=CC=COCC,0.3855197069490016,-0.82791844170387
COCC(C)Br,0.5447440571921054,-0.8292875270937816
CCCC(O)O,0.4718785601971852,-0.8320928396774847
CC(C)=CC=O,0.34382743300733615,-0.834699857260321
NC1=C(Cl)C1,0.4668240452536769,-0.8350165786035357
COCC(C)Cl,0.4842395723986968,-0.835160248701758
CC(O)=CCCl,0.3984682517154711,-0.8373746542067022
CCC=CF,0.4451425277389154,-0.8443666540072217
BrCBr,0.49009217871796995,-0.8475191890833693
CCCNCF,0.4019014035692908,-0.8487607659213332
CNCCCN,0.4586780147968549,-0.8489835914592991
CCOCl,0.4595827843732519,-0.8496952090129832
CC=CCC(C)F,0.4691828330693401,-0.8531992151728571
N=C(Br)C1CC1,0.5475887819211108,-0.8538617188578477
CC1CC1O,0.4385217360824198,-0.8543434380722019
CC=CCCN,0.4954407902904492,-0.8570163262788555
COC(C)C(C)=O,0.5102921080760953,-0.8582196901881152
CC=COCCCO,0.43687562318776263,-0.8595964544934303
CCOCC(C)O,0.5613868084500069,-0.8634796117043446
COCCC=O,0.36418087213045325,-0.8661983953961141
C=COCC,0.4447229067349175,-0.8674310892620551
ClCOCCBr,0.4652315736169463,-0.8683102343242592
CCCNOC,0.4024105103927477,-0.8722228632976405
CCCOBr,0.5654161405994103,-0.8752480437148222
O=CCCCF,0.37196816461354165,-0.8785335451731484
CC(=O)CO,0.45783134684806254,-0.8801213751675605
CCNCCN,0.4586780147968549,-0.8830270908649056
CCCOF,0.48332996702595804,-0.884234902042498
C=CCCO,0.47228603426417287,-0.887142413713031
CCC=CNCC,0.5653161191947067,-0.8874306545992106
C=CNCCC,0.506417182642749,-0.8898181446975142
COCF,0.4325716300541617,-0.9010291014403999
OCCCC=C(O)Br,0.5117823562942428,-0.9036075542646742
O=CCCC=CBr,0.45805811709585087,-0.9129168513492483
CCCNO,0.46478100853078314,-0.9210196433551312
CC(=N)F,0.4031096211610762,-0.9235098704463693
CC=C=CC(C)C,0.4395052269081353,-0.9245849471715002
CC1(Br)COC1,0.4718938153757331,-0.929133404999062
CCNCCC=O,0.4041824143277771,-0.9298707816061191
CC=C(Br)CCC=O,0.6039396990573318,-0.9307989713148228
CC=CCC=CO,0.4135406115140387,-0.9321564382999612
CC=CC=CCF,0.4659296255692421,-0.9359370045012341
CCC=CO,0.4648626674437459,-0.9370966785908044
CCl,0.3573626606013345,-0.9385401343126734
CCC=CCS,0.39921186914767726,-0.9442644510715943
OCCCl,0.44689761011841245,-0.9445834469799284
CCCOC(C)O,0.5352664120794114,-0.948920312262211
CSC(C)=N,0.35123936247415644,-0.9502186385689353
CCCC(O)Cl,0.5296798373940849,-0.9509872049423111
CCC(O)=CCl,0.5074424754371732,-0.9535210661867024
CC=CCC(C)=N,0.4022350648667686,-0.9550213163760308
CC=NCCC,0.4503168489829706,-0.9579611665046046
CNCCCS,0.39382624281657364,-0.9594568788535442
CSC(N)=O,0.4694099883805048,-0.9599000684181711
CCCC=CN,0.5363625155094814,-0.9621360636826504
NCCC(=O)O,0.4753919445136942,-0.9648731174695622
NC(=O)CCl,0.4450443872218326,-0.9664768696343258
FCCBr,0.4660626102802303,-0.9690537383902464
CCOC=CCl,0.4874646605091154,-0.9697035768854776
C=CCC=CCO,0.5241244286650603,-0.9697462393675951
CC=CCl,0.41246466954180205,-0.9705964935564579
C=CC=CC,0.41051468223900506,-0.9713686140226825
CCC=CC(C)F,0.4691828330693401,-0.9743811990283711
CCC=CC(C)O,0.5189390556117613,-0.9747291315214552
CCCONC,0.4024105103927477,-0.9787969777833212
CC(=O)CN,0.45585164214173146,-0.9802626562981351
CC=CC(Cl)CC,0.3863241853309912,-0.9812789177225223
CCC=CCC=N,0.4111009332502252,-0.9814071246039813
FCCl,0.3737343558390309,-0.9820005356310346
CC(=O)N=O,0.3869365250011595,-0.984746893160918
CC=CC=CCO,0.5128210775284905,-0.9850989007903637
CC=CCC(C)C=O,0.40154683231974386,-0.9876383299073288
O=CCCCC=O,0.38171019543846896,-0.9890163618143992
CCC1OC1C,0.43645178509330085,-0.9924665972126598
CN(C)F,0.3684355989585479,-0.9943729629830642
COCC(C)F,0.49322745938850926,-0.9956931920973402
O=CC=CCCCO,0.3283266464773213,-0.9965621177519945
CC=CC=CC=O,0.2876307698721535,-1.000093648779335
CN(C)O,0.3964122449830158,-1.0028288445903415
CCSC=CCCO,0.6271378776482948,-1.0033878085524086
CC=C(C)S,0.42905418121738725,-1.0063416649441441
CCC(=N)F,0.4546470456721055,-1.0071357092563664
CC=CC(O)=CC,0.39268894302332563,-1.0078764172457415
CCCNCO,0.3746748406163543,-1.0084098037622187
CCC(C)C=O,0.4618018883133206,-1.0121386834666808
CC(Cl)CCC=O,0.40849070529036485,-1.014664716523885
CCCN=O,0.4508492273504338,-1.0164429530308003
CCOCC(=O)F,0.4900601427944981,-1.0167048150510039
CC1=COC1,0.4115111803650166,-1.0175805946022538
NCC(=O)O,0.42117088793654706,-1.0187213751636235
COCCN,0.48402938252593447,-1.019968116960365
O=C1CN1,0.36001368917709237,-1.0212644716956356
CCC(O)Br,0.5391524668287858,-1.0214055830256705
CCCNC=O,0.3848271005019901,-1.0236963484909294
CC=CBr,0.4587574265610123,-1.0242082434387798
CC1C=C1O,0.4517974522108519,-1.0259737394422426
CC(O)=CO,0.4200275604658813,-1.0306189501026144
CCC(C)OO,0.40846204275170994,-1.0352691207743352
CC=CC(O)CC,0.5189390556117613,-1.0374288800793994
CC=CSCC,0.5151119534120093,-1.0374626608161095
COCCS,0.4896374572080613,-1.037649368580603
OCCCF,0.5045593050952815,-1.0387873580672444
CCNOCC,0.4024105103927477,-1.0392945291820608
CC(O)CCCN,0.5320872069054758,-1.041718323094671
CCCOC=CC=O,0.23681594205648082,-1.0421113431653204
CCCNBr,0.5666807863381916,-1.0429821863452278
CNC(=O)Br,0.38740509445905713,-1.043887184903726
COOC,0.3187444544547157,-1.045399782605836
O=CCCCO,0.3879125550005552,-1.0465818483446618
CCNCOC,0.3937020921561112,-1.0503317516288078
CCOF,0.4399796993499399,-1.0508860876818762
CCCOCN,0.3991902287722782,-1.0510223139810442
CCC(=O)CC=O,0.3831964985572301,-1.0525593215919709
CCC(=O)CO,0.5138279807876002,-1.0558843721224676
CCCOC=CO,0.43129428437394707,-1.069958767451506
CCCON=O,0.2947241080331184,-1.0705948366709366
CCOC(O)CC,0.5352664120794114,-1.0708682777383196
OCCBr,0.5017509953790179,-1.0718217193814268
CCOOC,0.3536459541834607,-1.0765720467541797
CC(O)F,0.4290469538238886,-1.0776589958736593
COCOCCl,0.3040761260742239,-1.0840990916058202
CC=CC=C(C)S,0.39251184426758157,-1.0867350569912488
CCC(S)S,0.3696382946807378,-1.0926448745285477
C=COC,0.40462765707744774,-1.0932282662835755
COC=CCCl,0.38188381133547283,-1.0962436754796363
CC=CC(=O)Br,0.40725321775321016,-1.0964044361347236
CCCC=N,0.4761239294215523,-1.0994383993352956
CC=C(C)C=O,0.34382743300733615,-1.1004419531796215
CC(F)CCF,0.4882334536670583,-1.1074165336025303
CCC=CC(N)CC,0.5536474781137571,-1.1074478940143022
NCCCl,0.4461740172738645,-1.107842284825134
N=CCCCBr,0.36006105814328954,-1.1094772929887884
CCOCS,0.39323796097864205,-1.1110544320712448
CC(C)=CC=CN,0.4919302200605437,-1.1124542246078777
CCC(O)CCC=O,0.54980482302127,-1.1137982920262226
COC=CCOC,0.4904017779857876,-1.1147510758433055
CC1CN1,0.3875899677614259,-1.1160078113414125
CC(=O)C=O,0.3166057628389017,-1.1188440454969024
CCCON,0.47853145239004274,-1.125006334285541
CCCCC(=O)C(C=O)C=O,0.4210973871978291,-1.126996154215142
C=CSCC,0.4963613664679548,-1.1273076710482868
CC(=O)CCC=N,0.5267758045569436,-1.1299937419621986
CCCOS,0.3982473892661521,-1.133359505743971
C=CCC=CC=O,0.293970586490487,-1.1353561914169494
CC=NC(C)C,0.4275940730093885,-1.1365333897594492
CCC(=O)CN,0.5117361984190104,-1.137052129106233
CC=CCC(C)N,0.5186936436354997,-1.1373142746883076
CC=CC=CF,0.4282278744455474,-1.1398464432862496
OCCCO,0.4590493065582775,-1.1414232977410639
CCCNCN,0.373312919188691,-1.141679999726494
CC(Cl)C(N)=O,0.47476681220679173,-1.1418927288237766
CC1CC1N,0.4379599266681104,-1.1428608257033306
CC=CC=C(C)N,0.4919302200605437,-1.1434441798121129
CC=CCNC,0.48852428258213376,-1.1467493103959745
NCCCF,0.5038394294361794,-1.153807101303978
CCOCC=O,0.36418087213045325,-1.1565285013364504
CCOCC(=O)S,0.548145326328121,-1.1589575901406235
NCCCN,0.4545118096621342,-1.1604053869095776
CCOC=CBr,0.5472027025227333,-1.1648858033377165
NCCCC=O,0.38633337155114283,-1.1663239321633132
CCCC=C=O,0.45890463824570105,-1.170322296780058
CC=CNC(C)=O,0.5136244516429191,-1.1710050973575252
COC=CC=CC=CC=O,0.2542462599007097,-1.1751721182331791
C=CCCN,0.47178691217161023,-1.1766483687436238
CC=NOCC,0.36383825029064243,-1.1787741615998257
C=CCO,0.425825650815454,-1.1790369185660432
CCC1CC1O,0.49958489124892663,-1.1821191371628879
CC(Cl)CCN,0.5230447584573527,-1.1822046976211975
CC=C=CCC,0.4249379063017125,-1.1825720216484032
CCCC(N)N,0.46777598038313273,-1.1852629842868465
CCNO,0.4176433471424069,-1.1901490892561717
CCNCCl,0.39330603788649743,-1.1902563633010468
CC(O)=CCCN,0.5051493425053343,-1.1903258022555852
CCC=CN(C)Cl,0.5028877185383342,-1.191588526157598
CCC(Br)OC,0.5489243630244192,-1.194453641059172
NCCCC(=O)S,0.5204223233143586,-1.1952405269771822
CC(F)CCC=O,0.4933914906840269,-1.195709355701757
COC=C(C)O,0.4853182952151268,-1.1963990331750203
COO,0.31061534304923694,-1.1981595797756215
C=CBr,0.4398237132310551,-1.1994239869234693
ClC=CCBr,0.5090586785319414,-1.2007959912143773
CCC(N)Br,0.42533460699257664,-1.2008448387621786
COCC(C)O,0.5173841339875317,-1.20120976310099
CC=COC,0.422298955221396,-1.2012741335188357
CCC=NOC,0.36383825029064243,-1.2053112718409738
CCOCNC,0.3937020921561112,-1.2060452020970218
CCC(C)=CN,0.5093178842136528,-1.2110713231158892
OCCl,0.399964857947167,-1.2114046587641232
CCCC(C)NN,0.4051111691762747,-1.2189861930032853
CC1CCC1CN,0.5209599404138834,-1.220969192841073
CCC=S,0.4234891608946182,-1.2226929486186022
OCCF,0.45286431068065053,-1.2271529513161687
CC=CCC=O,0.36208456954875373,-1.2285364597262798
CCC=NCC,0.4503168489829705,-1.2325102053218804
CCN=CCCCO,0.4273032506003803,-1.2326940488336469
O=CC(=O)O,0.3292675030726765,-1.2329159730563357
NCCBr,0.5008443977932544,-1.2350805572266321
CC=CCO,0.4484722864844442,-1.2360509463407352
CCC=CNC,0.5296811386273956,-1.2370223859668887
CCC=C(F)CN,0.5581375330433397,-1.2385434948566867
CCCCNC=N,0.30819299029739955,-1.238720044841417
COCOCBr,0.3429580157950393,-1.2396313869113653
COC=CCBr,0.42922897756438494,-1.2398155830708604
O=C(CO)CCBr,0.6147317950106753,-1.2408577429952719
CCN=O,0.4100985361276626,-1.2421975360789808
COCC=CCO,0.5149936446125789,-1.2500129004270193
CCOCO,0.46796388626627095,-1.2521134226753932
CC(C)(N)CN,0.4613741252131687,-1.2537180008898674
NCCCO,0.45685937837454194,-1.2564430409777994
CCCC(C)NS,0.5377934397357406,-1.2581908892525888
CC(CCl)CC=O,0.40711828885793866,-1.2607139497963535
CC(S)CCCN,0.5334148474375684,-1.2609227085115422
CC(=O)OC(N)=O,0.3355655995750072,-1.271672860794591
COF,0.38867716365784,-1.2768873354813086
CC=CO,0.4130349160485132,-1.2774673845038917
CC=CC=CO,0.37792490693425784,-1.2788662670358146
CCSCC=O,0.3912828365702852,-1.2790578877470313
CC(C)CC=C=CC=O,0.3190330257663121,-1.2790605893702456
COC=CCC(C)CC=O,0.43161664053726123,-1.279591667416884
CCCSC=O,0.3965364827619313,-1.2831191783188105
O=CCCCl,0.36403799225439903,-1.2857178344526106
C=CC=COC,0.36204831022861644,-1.2859760484429632
COSC,0.4310231672847408,-1.2860253082407753
CC(=O)C=CC=O,0.3681602207458222,-1.288327895693821
COC(=O)CN,0.4242005405895023,-1.293025868477209
COCO,0.4179983966500295,-1.2930612741890455
CC(Cl)CN,0.4716192034852802,-1.2954763496292363
CCNCC=C(C)S,0.43595997318373064,-1.2977827697583293
CC=CC(C)Br,0.39612867713202987,-1.3001571119545425
CC=CC=NCC,0.46448575605060743,-1.3020863990510292
CC=C(O)OC,0.4853182952151268,-1.3033337588875038
C=CCF,0.39795079373126724,-1.312726540982526
CCC=CC=CN,0.5180515714545826,-1.3131758953764168
ClC=CBr,0.4845344833651041,-1.313487741258346
CCC(N)F,0.4567553223199027,-1.3155933073329242
CCCC(N)Cl,0.41802532816786825,-1.3156382996216194
CC=COC(=O)O,0.3995572033768081,-1.3167674618011547
CC(N)C(C)(C)O,0.49430348355250436,-1.3171493837082209
CC=CC(=O)F,0.34570741645908826,-1.3173849073014052
CCC=CCN=N,0.41366898820569,-1.3173888021432396
COCCN=O,0.37050787961718035,-1.318805744069309
CCNCC(S)CC,0.5509083527080584,-1.3201299782400495
NCC=CCCF,0.5266112869609,-1.3204860500434914
CC(C)C=CN,0.5068976879567915,-1.3250143258083362
CC=CF,0.3970117428871374,-1.326607946527393
O=CCCBr,0.4089604229099808,-1.3291893790814098
OCCO,0.40752789066641704,-1.3299209323073484
OCBr,0.44632323109282046,-1.3311215453730507
CC=CC=CCN,0.5124706004924026,-1.331341373384809
CC=C(N)Cl,0.4432381127951688,-1.3339232354686774
CCSO,0.4756039967599227,-1.333938155383973
CC(Br)CN,0.5307260975475568,-1.3390036536413192
CCC=CC(C)N,0.5186936436354997,-1.3416744795848534
CCCOC=N,0.3109399882085469,-1.341773977063554
CCOC=CF,0.4662811884206021,-1.342791574931172
CC(=O)C=CF,0.4378108651139968,-1.3434873460446028
CC(C)NC=O,0.47678744994173916,-1.3446193344123294
CC=CCF,0.41362944500575133,-1.3455713284840836
CBr,0.3936198519990384,-1.34782575958846
CCNCCC=N,0.39437210042129583,-1.3488004029964866
CCC1CC1(C)O,0.5240548417413253,-1.3512538443098787
CNC(C)Br,0.41971288609154234,-1.3519356739095754
CCC(=O)C=O,0.3541944918606197,-1.3563278782442465
O=CCCC(=O)Br,0.45915156661387524,-1.3569484569912755
CCCNN,0.35318255070616034,-1.3621132812974088
NCCC=CCl,0.5590832692430882,-1.3631459130403898
NCCO,0.4055784163621654,-1.3641626249008523
FCCOCBr,0.4430386377008216,-1.3656533714020664
NCCOCCO,0.4486188461866933,-1.368285945803077
CC=CC(=O)CO,0.5004181407578024,-1.368800589407023
CCOOCCO,0.3099512147801606,-1.37062022162594
CCC=CNOC,0.5365810004925362,-1.374547518088582
CCC=COCl,0.4900274008978777,-1.3751411745535493
CNOC,0.4226239885245327,-1.3785944740790177
CCC=CCC(N)F,0.44065754184510975,-1.3787394194522302
CCCC=CNC=O,0.5422267686931769,-1.3813464059817657
N#CCCO,0.4684958659524145,-1.3814203997526977
CCNCC=CCO,0.403403035987248,-1.383634059254035
NCCl,0.3153542011367074,-1.3841690516600627
CCON,0.42942388150203936,-1.3850760420568218
CC=O,0.35500761339323206,-1.3862561707788104
CCCC(Br)OOCBr,0.43056091863461937,-1.3872232668146784
COC(C)O,0.44431216655494793,-1.392190483440458
CCNC=C(F)Br,0.661777170650087,-1.3927155991711377
CC=CNCC,0.5296811386273957,-1.3937532999733016
CCC(F)OC,0.49906056157558193,-1.395566579300398
CNC=CCCCl,0.5533935820131659,-1.3958085897213657
CCOC(C)O,0.4959687379252694,-1.3958739055388971
CCCNNC,0.3780299777211907,-1.4034111142395755
CCOCC=S,0.39033512758365124,-1.4049201012424255
NCCN,0.4034955207762654,-1.4050858921125418
CNCCl,0.354483818147204,-1.4060751921677421
CCOCOC=O,0.28918663623839347,-1.406257129990285
CCC=C(N)O,0.4635098982818076,-1.4066631592615169
CC(Cl)=CC=O,0.3623771436727785,-1.4067465461036477
CCOC=O,0.43656455010269035,-1.4070448414292036
NCCOCCl,0.4139787267967942,-1.4079697627662324
CC=CCOC=O,0.2967606501565895,-1.4125652326334421
NCCC=CBr,0.6291321629788482,-1.4144193425237024
OOCCCl,0.31179993831783376,-1.4152934857270643
O=CC=CC(=O)O,0.3867334676147198,-1.4197858441990934
CC=CC(C)O,0.4707782437790138,-1.421143769055457
CNCCC=O,0.38111080445511925,-1.4235396121821235
CCCOSCO,0.3426326616316459,-1.4244710543382748
CC(=O)CC=O,0.3541944918606197,-1.4246571302788407
CC=CSC,0.47133368508185286,-1.4297802539389806
CCN=COCC,0.3846700353385977,-1.4308922084964077
CC(O)CCF,0.5319376311036517,-1.4327695448438347
CC(O)C1CC1C,0.5213449190615504,-1.4347615547899575
CCC=CN=O,0.46882395674233457,-1.4435963613317753
CC(O)CO,0.43583499661104974,-1.4476098846154528
COCC(C)N,0.5157089014189795,-1.4484275695185789
CN(C)N,0.2992187840448161,-1.4504808895778898
O=CC(F)F,0.4177514317281478,-1.4511439054062765
CCOC=CC=O,0.2967606501565895,-1.451698781909247
COC=CCC(=O)Br,0.4837505418524361,-1.4532699986651836
CCC=CC=N,0.4901948487288702,-1.4542529245408375
C=CC=CCO,0.48865139986601047,-1.4547841158158707
COCN,0.4165966858412166,-1.4552864982811626
CC(O)CCC=O,0.5217846948699637,-1.4557342862701195
CC(F)CN,0.4783843751480283,-1.4580711511089024
CC=CC(=N)Br,0.5490582247159926,-1.4613514420986997
CC=CC(C)F,0.4294218112956731,-1.4633954891004195
CCOCC=CN,0.5251084869639113,-1.4645798703822037
O=COCCCO,0.3875770733356044,-1.4665741859430361
CNCCO,0.4500277668317745,-1.4712215467193728
O=CC(=O)Cl,0.25821851049128625,-1.4715565535791217
CCOCN,0.46650534165160057,-1.4755050122851576
CC(Br)=CCN,0.5974098727514109,-1.4822800076090714
CC(=O)C=N,0.44137016409530117,-1.4838907213584978
CCNC(=O)C=O,0.3698125545398318,-1.4840096530203044
CNO,0.36413108804130284,-1.4893338822520295
O=CCCC=O,0.3620014734523953,-1.4912380061926935
C=CCC=CC=CN,0.4319790977128299,-1.495031259379259
CC1CC1CN,0.49548667793264806,-1.4951091724033818
C=CC1=CC1C,0.44981327879276684,-1.4982498529140018
CCNCBr,0.4420284962034496,-1.4994631888134118
C=CC1=CC1CC,0.4914511303028111,-1.5035801862220373
NCBr,0.3518022910185507,-1.5038859382689895
COC(C)S,0.3733847141887469,-1.512554714745947
O=CCCl,0.3282712388307935,-1.5158965115318679
CC(=CF)C(C)F,0.48042711068936317,-1.5160056847361703
CCC(O)CO,0.49054291541768236,-1.5186600898381386
OOCCBr,0.3508664897621789,-1.520087573775763
CN=C(C)OC,0.31428565779513423,-1.522725453744773
CC(Cl)C=O,0.34565702443842233,-1.5231263837005606
O=CC=CCBr,0.3264839286255942,-1.525002465289095
C=C(F)NC,0.450987483807833,-1.5260720029987034
CC=CC=O,0.32859625570390477,-1.5269423280009278
CC(=O)C=CCN,0.4984228777482407,-1.52966919544821
C=CC(Cl)=CF,0.449887339614925,-1.535049663366057
CC(O)=CC=O,0.28873336655778103,-1.536614773312201
FC=CCCl,0.4341427184955238,-1.5414408229664123
CCC=N,0.4347671695180762,-1.542346997072725
O=CC=CCCO,0.40385339810238935,-1.5453965105909988
O=CN1CC1,0.30002673945482133,-1.5504174948420182
COC(C)N,0.44292646076545916,-1.5527528646278486
CCNCF,0.47372961095083493,-1.553250388301783
CC(=N)C(C)(S)S,0.2762925228866398,-1.5562284620637898
O=COCCCl,0.29721900562312953,-1.5605068253191627
CCOC=CO,0.511088555325819,-1.562616691719418
OC(=S)CS,0.38256816058122706,-1.5656603389716093
COC=O,0.39122582473304857,-1.566029111867094
CC=COCCl,0.38491540943332625,-1.5685535450816839
CC(O)CCO,0.49054291541768236,-1.5717952197023177
CCC=CN,0.4873567307275462,-1.5721660962327697
OCO,0.3419937935086324,-1.5728859695224688
NCCC(N)=O,0.44580665200263153,-1.5729924762988303
C=C=CCC,0.41043160045881444,-1.5742203569651467
ClOCCBr,0.5556668622663095,-1.5744433925464236
CC(O)=CN,0.40664212644020253,-1.5749817909880681
CCC=C(O)C=O,0.31953232557475164,-1.575188320377377
C=CC=O,0.31313126444279954,-1.5773673385830844
CCNOC,0.47184949182907915,-1.5774847676572399
CCNCC=O,0.38111080445511925,-1.5791907689643263
C=CCN,0.42524030335523855,-1.579713144018209
CCCNN=NC,0.3209424521682228,-1.579814533080783
O=CCBr,0.36778774496213734,-1.5876518742586003
CCON=O,0.3577391318979579,-1.5885132721711828
CC(O)CCN,0.48829600866503814,-1.5905253230441003
CC=CCN,0.4479983312754251,-1.5982137010974276
CCCNC(N)(F)Br,0.3894356355437169,-1.5986754084239263
COCOOC,0.21477579593735596,-1.6026721356445022
CCC(C)(N)O,0.446220323086739,-1.6053636731900416
CCC1OC1OC,0.4801526278873157,-1.6081045323239158
CC(N)CO,0.4337552925789797,-1.6082779763003197
CC1=CC1N,0.40591946267401524,-1.6092360943171167
CCCC(N)O,0.46991449226600945,-1.6106010281521246
NC(=O)OF,0.4427531383149168,-1.6111157040612067
CC[N+](C)=O,0.4124551608861797,-1.6113906768613377
NCCC(=O)Br,0.5762140580097773,-1.6114965672325834
CCC=CS,0.46444065043479255,-1.6118897290572858
O=CC=CCCl,0.290030370017676,-1.6123532517446832
C=CC=CNCC,0.5232068280313137,-1.6132414348339097
CCCN=NC,0.45458862382261067,-1.629167572344442
COC=CCl,0.4437844339083258,-1.6291828165741922
CCC(O)OC,0.4959687379252694,-1.6330107408414443
CCC(C)C=N,0.4931759797991258,-1.63372460136739
O=CCCF,0.4386674162593054,-1.6347708519786388
NOCCCF,0.40031387513298095,-1.6372000175064072
CC1(O)CC1=O,0.4395399159866694,-1.6392884512859551
CCCOC=CN,0.42210154065282945,-1.6419947090180824
CCC=COC=O,0.39159536501999415,-1.6442127357371055
CNCCN,0.4481613857519411,-1.6458771120316802
CON=O,0.32309987742199314,-1.6467826728437496
NCCC=CF,0.5321348193331976,-1.649334219099222
CC=CCOCN,0.31888967034421123,-1.6509363500099465
CNC=CCCF,0.56321835811833,-1.6522123173287853
CCCC(O)S,0.39780141952833853,-1.6534067608876395
CC=C(F)CC=O,0.48206792809314214,-1.6544144255711617
CCC=NC,0.41031255694903107,-1.6548046382455706
CC(S)CC=CBr,0.6216549313061223,-1.655072023732492
CCCONCF,0.32638749664499994,-1.65638946075606
CC(=N)CN,0.4202311402930691,-1.6564606307277445
CCC=CC=C=O,0.3742408430377526,-1.6605278623323563
NC1CCC1=O,0.43763549171240246,-1.6608527576138885
C=CNCC,0.5059679307419807,-1.6622677826061487
COCC=O,0.42498870656448245,-1.6661411120350833
C=CCC=O,0.3460446211671015,-1.6681030150523202
CNCl,0.4019819945052081,-1.670173939155854
CCCC=NN,0.300102532038772,-1.6722904465915545
CCNCS,0.37196041186011863,-1.6759986730987295
CCCC=NC=O,0.38330115559645617,-1.676650701214126
CCNN,0.31514839256535404,-1.6809498940880945
C=CC(C)N,0.44795741476089374,-1.6830808408350515
NC(=O)CO,0.3966225385392856,-1.6860071860905137
CCC(N)O,0.4192195367929238,-1.6889247896949091
CC(Cl)CC=O,0.382010599717102,-1.6896704185090017
COOOC(C)=O,0.3680540746175934,-1.6899541362221704
CCCCC=[O+]C,0.2900790310917574,-1.6903372201679179
CCC=NO,0.27844120176527043,-1.6911381911232717
CCOCC=N,0.39807442157473083,-1.6915227349200248
CC(Br)CC=O,0.4297128218027967,-1.6925686478915274
CC(=S)C=CC=O,0.3039297579171589,-1.6931873918208245
COC=C(C)N,0.47119800193758204,-1.7021131094169513
CC=NCC,0.41031255694903107,-1.7042945758711725
NC1CC1=O,0.40952513876458313,-1.708853714647614
CC(=O)C(C)C=O,0.37177994853054525,-1.711977317936651
CC=COCF,0.4662811884206021,-1.7152247590354435
CC(N)=C(C)CO,0.49639111117719925,-1.7158618309799993
CNCOC,0.4592070919211855,-1.7220373251528935
CC(O)COCCO,0.4858296921697288,-1.7238888465267768
COC(C)(N)F,0.37189047063372044,-1.7250390307283356
CCC=C(F)C=N,0.5134914617928678,-1.7257579077535428
NCCOCF,0.49389263330897504,-1.7261147297492643
CC(N)O,0.36309242251232526,-1.7271888175360193
O=C1C=CN1,0.41282343688173,-1.7312983759588767
NC=CCCCN,0.4975624496063179,-1.7319624250482617
COC=CCF,0.4614415334390768,-1.7391048630816797
CNCBr,0.3973786696360477,-1.7398516413026535
CC=C1SC1C,0.41958391048594007,-1.7418035422760634
CCC(C)ON,0.5046368250495575,-1.7423163902073329
CC(=O)NCN,0.4054379734247413,-1.7424334185288048
CCNCO,0.43543021245537417,-1.7426119170964316
CC(N)CN,0.4315259494144723,-1.742820473609206
CCC(O)CN,0.48829600866503814,-1.7447035802281508
OCC=CCl,0.5057004417376727,-1.7489601625965852
CNOCCBr,0.36340686042654524,-1.7512178913214969
CC=CCNNCC,0.3188256937311883,-1.7519124083780584
CC=CC(=O)S,0.3861281424738411,-1.7534331630124806
CC(F)=CC=O,0.34570741645908826,-1.7565415506452893
CCC=C(O)C=N,0.399460846828308,-1.7566947255118004
O=CO,0.3801607209681124,-1.7571064474549796
O=CCl,0.29463090860260815,-1.7575191430054349
NCF,0.37966161812351834,-1.7580841714255833
CONCCBr,0.36340686042654524,-1.7596794503381386
CC(O)S,0.3142581893892801,-1.7642386136840171
O=CCC=CBr,0.5431400847304485,-1.7643443314869374
ClSCC=CBr,0.6406010987065274,-1.769084122469085
CC1C=CC1O,0.42490022240945563,-1.769107818825693
FOCCBr,0.5287101499139245,-1.7714998162029598
CCCONOC,0.41637293777833395,-1.7746915093424023
OC=CCBr,0.4279393977239062,-1.7750122152376893
N#CCCN,0.4664303712842974,-1.7785954005961835
CC(N)CCN,0.48587295687129933,-1.7814185628736903
COCOC=O,0.2724381396523631,-1.7817209591791396
CC=COOC,0.2856526492280756,-1.7819602036281466
COCOCl,0.4727970065020183,-1.7827130824715272
COC=CBr,0.49724992370476423,-1.7829046018003856
CC=CC=NC,0.4231118642851991,-1.7833221749091996
O=CCC=CCO,0.40385339810238935,-1.7858719960313487
NCC(N)=O,0.3942533849925702,-1.7861484672210888
COC1C=C1,0.40971915969883654,-1.7863590904202957
NCC1=CC1,0.43944492291576137,-1.7866413454303876
NCOCCCl,0.3183810987561458,-1.7889787109781676
CCC(Cl)C=O,0.3820105997171019,-1.7942905877101027
COC(C)CN,0.5157089014189795,-1.7958103860211883
C=COC(C)C(Cl)Br,0.501234423684018,-1.8000073337924394
CC(O)CN,0.4337552925789797,-1.8050052121014017
FCS,0.3979295020180408,-1.8050594282115062
C=COCCl,0.3690317382905685,-1.8065441215686098
CC1NC1C,0.4092552283031655,-1.807692433319231
CC=NOC,0.32944092294638416,-1.8101270034170818
NCCC=CCS,0.41522326429986417,-1.8113760640411374
CCOCCC(N)O,0.39402407016113156,-1.8132826652349352
CC(Br)(CF)CC=CO,0.5440425251043136,-1.8143765168125137
CON,0.37397768229049294,-1.8152160060914235
CCOC=NC,0.35827140048071054,-1.8159563689970746
CN=O,0.36193853808395754,-1.8169880533807605
O=CCCS,0.3858415317579189,-1.819135578611542
CC1CC1C=O,0.43014854690089716,-1.8203893948760994
NC(N)CCCC=O,0.2980881686351605,-1.8204113110480697
O=CBr,0.3279488145385981,-1.8216977477742526
O=CCCO,0.4510247833148347,-1.8217811934448331
ClBr,0.4491117217266351,-1.8234894153881451
CCNC(C)S,0.3920810257818581,-1.8258322046812765
CCCCN=[O+]C,0.38244811123501576,-1.8285772966377436
CC=C=CC,0.37916016635439315,-1.830423106614862
FC=CBr,0.46270462469261314,-1.8307244823227897
OCl,0.4153721919811907,-1.8365667966665216
CC=CCC=N,0.38707124061776405,-1.8374732986062008
NC=CCCCl,0.5230002365022335,-1.83817679800657
C=CC=NCC,0.4455789810332214,-1.8387947023029643
CC=CC(C)S,0.3790732770405044,-1.8424879355385744
O=CCC1(Cl)CC(O)C1,0.46271521324498527,-1.844917670385446
CNCF,0.4264846740374898,-1.8469537172227026
CC(F)C=O,0.4165113773816244,-1.8502822267496142
CC=CC=CN,0.4707156917945737,-1.85678841549469
CC(N)COCCO,0.4830555301464815,-1.8572994504817464
CC(=O)C=CN,0.45693849897439287,-1.8590026845329586
COCOBr,0.531894805231184,-1.8591651406587268
CCCC(O)(O)S,0.3652738835490041,-1.8593426631441337
CC=CN,0.42964073877103887,-1.8596208892644763
C=CC=CCN,0.4881647945208443,-1.8615547402162194
CCNCN,0.4337390095104326,-1.8627557153261605
COC=CCO,0.486330752007244,-1.868551845487703
NCCCON,0.35296868649222074,-1.869476347978802
N=C(N)F,0.2286458711888863,-1.8721161790853809
CCCC=NCN,0.5226248617885543,-1.8729069153597222
CC(O)=CC=CN,0.37902956442797603,-1.872930742727653
CCC(Br)OBr,0.6462980545735324,-1.8729865641649885
CNBr,0.44783365893810795,-1.8735027954343395
CCNC=O,0.4486453600169233,-1.8782354877344956
CNC=CCOC,0.5540950996449299,-1.8787936715342677
CC=CCC(N)Cl,0.3326794540678247,-1.8797318876011389
O=CCC1C=C1,0.35481379462687596,-1.8797863027802513
O=O,0.37829615354121426,-1.8819560347705728
NCCC=O,0.44907451081307725,-1.8880521341921086
COC=CC=O,0.27506957307399515,-1.8976779707921003
CCOOOO,0.31135169710027677,-1.8994119750450835
C=CNC,0.4575914336389829,-1.9047646367757993
CC(N)(F)CF,0.47401070796904954,-1.904974603188497
NOCCCl,0.3905240708388563,-1.9074771603973026
CCC(O)=CN,0.4635098982818076,-1.908700433570138
COCOO,0.28856775605146157,-1.909168680535951
CCC=CC=[N+](C)Br,0.44774233240503847,-1.9093547818877643
CC(O)C=O,0.4282199405921814,-1.910015967602018
CCN=C(N)Cl,0.29615419541225835,-1.912813072676351
C=CCC=CN,0.49571055791713237,-1.913870196443768
O=C=CCCBr,0.424846341726594,-1.9156973683079856
CC=NC,0.3629170178992484,-1.915827031220592
CC=CNC,0.4804558642967103,-1.9169371492155687
NCCC=CO,0.4789222496904852,-1.9186931985480808
CC(N)=CC=C(O)F,0.4003419771933272,-1.9195061156698534
CCCN=CN,0.3827346906911075,-1.9206769950253566
O=COCCO,0.36249600072246674,-1.9219777537965093
C=CCNOC,0.303947160163626,-1.9226613415449116
O=CC(=O)F,0.24350610487893956,-1.9257462115939163
CC1CC=CO1,0.4296688391094942,-1.92635698828619
CC(Br)COC=O,0.4614524195979248,-1.9281577832807089
O=COCCF,0.36504479886256935,-1.9304905213452548
NC(Br)CCl,0.445414632378609,-1.930969220508873
CCN=CCCO,0.5145074358522312,-1.9323884489903462
CCONCBr,0.28170170935875993,-1.9386379702282608
CCOCON,0.29874530720593984,-1.9387411292406767
CNC=CCCO,0.5282187783891034,-1.938912059970534
CC=COCC=O,0.2967606501565895,-1.9390933242412989
CC1OC1CF,0.43254191697725153,-1.94117710726831
OCCOO,0.3445085994668054,-1.9427954560776275
CCC1NC1C,0.466304894011494,-1.94300556010697
CCC=CC=NN,0.31079065289076946,-1.9446058129337813
OC=CCl,0.4325846588785815,-1.9447726551274802
OCCOCO,0.3445696212372289,-1.9465280212725262
CNCO,0.3871820287600763,-1.9466946865084065
COOCCN,0.2897377846608809,-1.9471204877509054
O=CC=CCC=O,0.3762750280966879,-1.951481948080704
C=C(F)CC=O,0.4610584945244513,-1.951750582349303
CC=C(O)CO,0.4564557039715156,-1.9539827954118465
CC=N,0.3854297884975674,-1.9549616707759263
CC=NO,0.24532115973035182,-1.9557356382607654
CC1=CC1CN,0.4594271971207764,-1.959941067754034
OC=CC=CCO,0.3939174314141787,-1.9611946307599806
OOCF,0.35440084621531354,-1.9621779268104738
CC(O)CC=CCN,0.518575929867771,-1.9650763445008486
BrBr,0.5050781538986456,-1.9685390676419887
COC1CO1,0.40786712356396104,-1.9703768374135033
CC(=O)NC=O,0.4287944812117297,-1.9703804487597019
CCCC=C=C=O,0.3741230321182212,-1.9717355313015958
O=C(Br)C=CO,0.3441642636959044,-1.974225647051671
CC(Br)NCCF,0.4965723311301933,-1.97426749280053
CC=C1OC1C,0.402986183010995,-1.975890973091285
O=CC=CC=CO,0.24002299688186557,-1.9761893787489515
CCCON=CN,0.24118902938246065,-1.977440002539904
COCOF,0.44926620130608586,-1.9797695061280631
C=C1CN1,0.3898854282192598,-1.981772126043583
COCC=CN,0.5182958284544009,-1.9829055254663093
CCSC=O,0.4690643118700053,-1.9836523530004908
CCC=CNC=O,0.5171411627698708,-1.9837664832513813
O=CCOCCS,0.32410702788130713,-1.9850806758388972
CCN=CCCN,0.512906996138366,-1.9851293020162601
CCC(N)CN,0.48587295687129933,-1.9858747461901651
CCC=CN=N,0.49623106794719896,-1.9873948998742796
NCO,0.34042630283769015,-1.9874882945586698
CCN=COC,0.35827140048071054,-1.988084205729475
C=CC=CO,0.363289258780564,-1.9897729377125093
CCC1=CC1N,0.4629926291374462,-1.9903724389999256
OCCOCl,0.5303501864175715,-1.9971512748482882
OC=CBr,0.48246134981572936,-1.9983844050098023
CNF,0.38301304839406286,-1.9991268606619834
CCON=NC,0.36622260458099687,-2.0008558749609393
COCOCN,0.37673492448967155,-2.0040465344849516
CCNCN=O,0.3984374274044581,-2.0072327830451533
FBr,0.42844341135943464,-2.0116309204242846
NOCCBr,0.4409551228987762,-2.012271248446001
CCOC=N,0.37715905962497875,-2.0132160003775894
O=C1CC1CNCCF,0.549502197766401,-2.0133227625367236
CN=CCOC,0.4447233023294897,-2.021059187933478
CC1CC1(S)S,0.3517935773565193,-2.024487772860001
CC=CS,0.41296112783933936,-2.025692445011289
O=CCC=CF,0.46105849452445136,-2.0305098738785192
BrC1CO1,0.34145401047305723,-2.032349745525609
CC=CNOC,0.49968689313362147,-2.034218093169956
O=CC=CCl,0.34595734799333533,-2.036759221792179
CCCC[O+](C)Cl,0.5059645666548679,-2.039108450575923
CNC(C)N,0.4118071488498726,-2.0403402545799585
O=CF,0.280968216092754,-2.0417867270788945
COOCBr,0.3230108888139676,-2.0425577522783134
C=CCC(N)Br,0.35738550047906964,-2.042715287523438
CCNSC,0.5060734692349447,-2.0432435789874233
CC=CC=CNC=O,0.42373862418788966,-2.0443615740453125
O=CC=CCO,0.370876273072519,-2.0456176533509596
O=CCF,0.39513533270410073,-2.050003305637808
CCC(Cl)C(F)C(CO)CF,0.6508796497957314,-2.052326055258519
CC=CN=O,0.4280522040891625,-2.0536136156898928
O=CCCOCO,0.29807622100797426,-2.056051686573634
CCC=C=O,0.4165901527088512,-2.056866813804835
CONCCF,0.39462257238753257,-2.060812515144506
CCC(=O)C=C=O,0.3686995879974491,-2.0619743870588003
O=CC=CBr,0.38814676754923916,-2.0628907598736124
CC(O)CC=O,0.4806048126370752,-2.0649781589537626
NCCOCC=O,0.3726213952746771,-2.0663342395296476
CNCS,0.33378387561388456,-2.0675304201915217
CCCOCC=[O+]Cl,0.3250947952673292,-2.069206994059648
CCCNC=N,0.2941861019260641,-2.0722708764011633
CCNC=CC=O,0.4072359977182252,-2.073213424004552
NC(=O)C=O,0.3085748155624879,-2.073600439864019
COC=CCN,0.4848452024449914,-2.076512170980472
CC=CCNCN,0.29901012597941545,-2.0765384424689177
O=CCO,0.40121092342044906,-2.0775389713148353
O=CCC(=O)Br,0.3267324513557573,-2.0805340053715957
ClOBr,0.48361569745587146,-2.0866266427398887
CNCN,0.38564396572011816,-2.0919391132283387
CC(N)C=O,0.42636762949113444,-2.093774252235364
CC=C(F)C=O,0.34570741645908826,-2.0941013450158596
CC=COSC,0.3900933781141158,-2.0979322496682635
CC=CC=N,0.44738332558640054,-2.103813092687627
NCC=CBr,0.5677010007684469,-2.1102285793494686
CCC=NCl,0.43509738462701447,-2.110960254254805
CC=COCO,0.39284585645947645,-2.1118597430283153
CC=COCS,0.3165188157444523,-2.111910326707546
O=CC=CCF,0.35862910568123796,-2.1149809698525135
O=CC=CC=O,0.34670800328788237,-2.1171242497055798
CC(F)=COO,0.29990939715582554,-2.117363604301814
OCC=CF,0.48075966813205145,-2.1188288548946552
C=CCON,0.3703735619093247,-2.121151871988275
CC(C=O)CF,0.45799545700775224,-2.122070790138149
C=CCNC=O,0.28964415304430957,-2.122827724637648
NCC=CCO,0.44561871915958456,-2.1233595834227135
O=CC=O,0.2973400778709586,-2.1266556018952225
COC(O)F,0.4447114311133139,-2.12834212372738
COCN(C)O,0.38059157723095743,-2.1351921232628457
CCC(O)C=O,0.4806048126370752,-2.135754860696565
N=C(O)C(N)=O,0.2619388690558706,-2.13614430334974
CC=C=COC,0.34368392191708647,-2.136831733591553
COC=CO,0.462842901224897,-2.13777024647277
NCCOO,0.34270532447221413,-2.137806681249883
CC=COCl,0.4474730145078732,-2.1385670129974343
CC=COO,0.2855129185794321,-2.141214708749834
CCNOCF,0.4038699755048966,-2.1439633459480394
CN1C=C1S,0.4246013560199774,-2.14497616182869
OBr,0.4600586231697684,-2.148342038771384
CNC(=N)C(C)CCl,0.33078563503191255,-2.1485488409724174
CNNC,0.39248056715019347,-2.1509273515076357
CC(Cl)CNC=O,0.42409470215425915,-2.156733731895446
CCOC(F)NC,0.41848107254054917,-2.157180280495823
CNC=O,0.3999167569393753,-2.1579041024393586
CC(C)N=CCN,0.5017966801513385,-2.160418927307695
C=COCC=O,0.281132521941905,-2.1619485514173817
OC12CCC1C2,0.45365363456343855,-2.1623901493877686
CCOC=CN,0.49621847858824547,-2.163566739440762
CC=COBr,0.5007268402535382,-2.1641746452067685
CC=C(O)C=O,0.2887333665577809,-2.170581768769622
NCC=CCF,0.4888310603815061,-2.1712004314070934
CCOC(N)(O)C(C)C,0.54371513760504,-2.175347929194777
CONO,0.40397863459822964,-2.179427377277513
OCCOBr,0.5988710067226464,-2.185220840177147
CCOC(O)=[O+]C,0.3966944741249665,-2.1885760937990137
CCC=CNN,0.3762156134052753,-2.190694389993281
NCCOCl,0.5286889789623139,-2.192162500020545
OCCOF,0.5007020720731719,-2.1942076985048242
CCN=CBr,0.48319563429324125,-2.1947143096390245
CCNC=CF,0.5325676549567228,-2.1965157674816944
CC(N)C=CCl,0.5308622250197366,-2.2048261108662666
CC(O)OCCO,0.46915944537041815,-2.2090318936313036
CC(O)COO,0.3678143203241907,-2.210958453121003
OC=CCO,0.4313049144229687,-2.2115588794782375
CN(O)C=O,0.2582289203597207,-2.2125683842458557
CC(N)CC=O,0.47864733743318544,-2.222382313183257
CC1C=COC1,0.42774477057361493,-2.2240695375534156
NCCOC=O,0.36052169707837717,-2.2241988085065696
CC=C1CC1N,0.42771648695755754,-2.2243087631455887
CCONC=O,0.2922468538204442,-2.2269949770878017
C=C,0.34449676855385364,-2.2285901086298487
N=O,0.38343329571732737,-2.2360495348442626
NCOC=CCCl,0.3385322482873642,-2.237032997228209
O=CCCN=O,0.28287654453288996,-2.2395119532412644
C=CC(N=O)C(F)COCC,0.4388237043389078,-2.23984513592003
CC=CN=CC,0.42693699344135616,-2.2451563229802147
C=CONCC,0.3101400889546294,-2.2478127602244036
O=CCC=CO,0.39536408436706266,-2.250334990666766
CC1C=C1CN,0.4594271971207764,-2.2522175053062155
CC(C=O)C=O,0.3504347409530757,-2.2536762762247133
CCC=NC=CC=O,0.3052548580468342,-2.2540783234396042
CC=COC=O,0.364839470007568,-2.25667562553816
ONCCl,0.2677967751070675,-2.2572044788871097
O=CCC(=O)F,0.27296666397508995,-2.257449307357461
NC(=O)CC=O,0.348788094757045,-2.2598418640353115
CC(C=O)CO,0.4750357522888227,-2.2632559794450504
CCONCS,0.23585463634611645,-2.2648228542396196
FOBr,0.4603129079509723,-2.2677081966946573
CC(F)C=CC=O,0.376624063210494,-2.267929859491254
BrOBr,0.544150490219858,-2.269080192683657
NCOCCO,0.34260372945686984,-2.272659469130226
N=NC(=O)OCC=O,0.4172409626101008,-2.274422238258892
N=CCCl,0.3548469026473983,-2.280231871689613
CN=CCC(C)F,0.4687318157942415,-2.2822039814276325
CC=CC=C=O,0.33975271796378975,-2.283147901568434
CC=C=O,0.3668646021930044,-2.2833582725918236
CNCC=O,0.44231073590861575,-2.285277665345085
COCC=N,0.46783953940316,-2.285486586938027
CC(NO)C(S)CC=CCBr,0.29702342706538987,-2.287232250090704
O=COC=CCCO,0.41687506910026767,-2.2882403853003797
CC(N)CNCCN,0.4087161732623339,-2.289162667311155
CONCCN,0.34839846872513114,-2.2953106537513293
OCC=CC=CS,0.4067992506562539,-2.297278835962419
COC=N,0.3403845305630371,-2.2978056388025188
COOCC=O,0.20755451979588516,-2.2980837048143403
NC=CCBr,0.5310617827401978,-2.2984641257379956
CC=CC(N)Cl,0.30157728441003406,-2.300143756289563
CN=CCCO,0.47479402908950397,-2.3031889947017707
CCCOC=C[O+]=O,0.317647361544935,-2.3043770849744005
OC=CO,0.4011436690805282,-2.3072187426919197
CC(O)OCl,0.48181986049750686,-2.3079219063956002
CC(Br)CON,0.46793811213518316,-2.3143177512826183
O=COO,0.25593946293423836,-2.3143990325969166
CCOC=C=O,0.35818153109667455,-2.316384267954426
NCC=O,0.3994376503351135,-2.316989908673493
NOCCF,0.46685025649004575,-2.3195138863035543
NC=CCCO,0.49133103943560286,-2.3201652443553007
CC=COF,0.42900581243707064,-2.3232413686035667
CC=CCNN,0.28239863009433025,-2.325052346181956
CCNC=CO,0.48388627625890096,-2.3256516597173422
COC=CN=O,0.36995573968914225,-2.3323231155902087
CC=COCN,0.39182766327038193,-2.3353104317760884
CCOOC=O,0.2133953109006481,-2.336756843805243
CNC=COC,0.4897090622849725,-2.338388637427583
O=NCCO,0.45972153439890373,-2.3435001922004406
CCC=NF,0.417026754293117,-2.3505936136636008
CCNC=CCN,0.5263432923716019,-2.353078693495213
OCOO,0.24359611030955478,-2.3542100995591193
C=CN,0.40877543295082147,-2.361117117039147
CN=CCCN,0.47314207565934674,-2.361426445864487
CC(N)COO,0.3659735054912667,-2.361441086682486
NCC=CCN,0.4433208595532834,-2.3692256168538393
NCC=CF,0.4801662294591774,-2.369374102509688
CCCS(=O)Br,0.5744544010555471,-2.3709852802734446
CCC=NN,0.2705781588831346,-2.375081368072673
O=C=O,0.3641671297164792,-2.375786770125291
COCC(N)N,0.4219339736439884,-2.3757903541261784
OCCNO,0.3687975551527384,-2.3759738062775897
C=COOOC,0.22010624629701023,-2.3776773657061168
NCCOBr,0.5969622133477972,-2.380232065349403
O=CCS,0.34642020688228453,-2.381711944452193
CCC=C=CNC,0.5117548183293268,-2.3830355485338193
C1NC2CC1C2,0.4458414482953409,-2.3835843835192394
CC=CNCF,0.4981959304074621,-2.385961248925458
CC(=O)OC=CN,0.37274189653774414,-2.388150649664566
NCCOF,0.49905936829211045,-2.3892189236770816
C=C(O)CC=NNC,0.32127633779436243,-2.3956329648870898
SOOCCBr,0.1723245344308647,-2.397985496144284
O=CC=CF,0.32972924278596816,-2.4019766522013453
NCCC(S)Br,0.4686110508645321,-2.4032224563382427
CC=CC=NN,0.2803472822644531,-2.404875391962145
CC(C=O)OCBr,0.4614524195979248,-2.405724251984934
CCC(Cl)ON,0.4216165507022324,-2.406424841151725
CONC=CBr,0.5956730015135262,-2.415174243785564
CC=C1CC1(O)F,0.45212107871462764,-2.416164340291733
CC=CC(S)=CN,0.39067129149225666,-2.4211792280949105
CNNC=C(C)O,0.34277587222618916,-2.4265273729434367
COCON,0.3560535451195224,-2.4279693291473534
CONCCl,0.30332870444132937,-2.4286582826027296
SCC1CO1,0.36097916903039495,-2.4291463099808985
CCC(N)C=O,0.47864733743318544,-2.4297067746645533
CC(C=O)CN,0.47302068020167737,-2.4348464824356957
CC(=O)N=CF,0.3978753441794719,-2.4348507091127476
NOCCO,0.4098752895472533,-2.434979130747865
CCCC=S=O,0.47352090156164484,-2.4363364588571494
CNC=CC=O,0.37505139755459893,-2.437275869345667
NCCC(=O)SC(F)CF,0.6783669706829998,-2.439180425251223
CCN=CC=O,0.34946137877610595,-2.442824118991612
CCCC=[O+]C,0.3533804267951752,-2.4458515491014703
N=CCCO,0.444450040922716,-2.4460079376927224
NCCNC=O,0.3322652683995117,-2.446784138944619
CCCC(N)(O)S,0.3637802197692235,-2.4468520587926283
CCCC=[O+]Cl,0.375833571891392,-2.447899770911585
CCC=NC=O,0.3568147955806332,-2.4482428119330586
O=CN=O,0.3127439667633603,-2.449514727144637
CCNOBr,0.5733993562714945,-2.450682371487764
NCC=CC=O,0.3692787667717406,-2.452388277751306
CCNOCC=O,0.30209594914150123,-2.4529425721933578
CCC=C=N,0.447223763809559,-2.453694968557004
COCN=O,0.44420462868337246,-2.4549314522709134
CCN=CF,0.41221227234075847,-2.455993790863658
CC(=N)C=CN,0.44637773874573733,-2.459979082492602
CCNC=NC,0.3779403210713034,-2.46943750786174
CCC(=O)NON,0.455948870794074,-2.46944419151636
O=CCC=O,0.3334174366235999,-2.46992526711035
CC(CO)OBr,0.6351883323574071,-2.4701428619715076
CC(Cl)C=CN,0.4966005683040864,-2.4720964785490636
CC=NOCC=O,0.22040446309284858,-2.4722609629088583
C=CC=N,0.4291916761744272,-2.4798193364974073
CC(F)CON,0.49597796389382387,-2.480723416286176
CC=CONC,0.39456641812375653,-2.48191243225783
O=COCF,0.4372301731122053,-2.4833484678606776
CCC=C=NC,0.42296816302128815,-2.490300209931868
CN=N,0.3874232180461989,-2.491603332548649
CN(O)CN,0.3180889050771685,-2.4921324185595015
ON=CBr,0.28879926398065786,-2.494792010388274
NCCOCN,0.3405712506662039,-2.4994013409556413
CCN=CC(C)O,0.5033635325011738,-2.502997732849716
O=CCOCC=O,0.35141262178236765,-2.507178502535051
CCC=NC(C)O,0.512678829190422,-2.5124955086381777
NCCN=O,0.45745849572612707,-2.5161495813683565
NCOO,0.24235957342123804,-2.5164353236512347
CC[N+](N)=O,0.26307164125174975,-2.516890784725838
CC(O)CC=CN,0.5226919184959422,-2.5180924824683246
CC(N)OBr,0.5414219028581808,-2.518535439439248
NCC(=O)CN,0.4301073086902737,-2.5192385774764525
NCCC=CC(O)Cl,0.43613547161738575,-2.520060496108864
CC=CNCS,0.39221792044990755,-2.5221450039760107
CC=CC=NC=O,0.3697196858727184,-2.5236128648971765
CC=CSC=O,0.4906422544148648,-2.5259508480728097
FCCOOF,0.29489276083803273,-2.5268667616991
CCNOO,0.35982886037769085,-2.526957874122088
CNC(N)Cl,0.2657480352537053,-2.5280752709371046
NC=CC=CC=O,0.30394005500036564,-2.5288334051471324
NCOCCS,0.29868680532026415,-2.52985838866736
NC(=O)NC=O,0.3954562890674592,-2.5326893153234162
O=NCO,0.4230625571766497,-2.533494324662966
CN=CC=CCO,0.493888931978162,-2.5386215810022628
CC=CNNC,0.47040887437674717,-2.541838566237318
NC=CCCN,0.48897296584034855,-2.544290781368207
O=CC=CO,0.2737986179398987,-2.5453466516907555
CCC=NC=S,0.3783197299256492,-2.558716191008271
COOCO,0.2750806391974133,-2.559645360710492
NC(F)CO,0.40539361915017375,-2.5600488284370813
ON(S)Br,0.2985629567366754,-2.5600892105497484
NCCNBr,0.5215650740985294,-2.560974407438335
NC(Br)=CC=O,0.3332211484944284,-2.563994670285911
CC=CNC=O,0.4788275289486906,-2.56448910072175
ClC=COCl,0.47126420468475705,-2.5664756960527906
CCC=NCO,0.48617116151481143,-2.570469579076033
N=CC(N)=O,0.3879761517945338,-2.5705587150748475
CCOC=NN,0.2220487725071801,-2.5724273276712
CC=CNN=O,0.39843241232532783,-2.5732634610982164
NCC=CO,0.42956966307201033,-2.5737216342349325
CCONCN,0.2773522284367565,-2.574759271459954
COC=CS,0.3735530756466648,-2.57601340658935
CC=NN,0.2365593534250445,-2.5783037392231454
CCC#CN,0.3214245483958736,-2.581801484874612
O=NCC=CF,0.4677047824649221,-2.582008449095905
CC(C)C[O+](C)F,0.4722916585354547,-2.5832573734583137
OC(S)(S)CCF,0.3855232368405557,-2.5860385735458857
CC1OC1=CCO,0.4799485432128916,-2.58841345727596
NOCC(N)=O,0.39907929877147413,-2.590754206173167
CC=C(O)N=C=O,0.2992106985560969,-2.5922457736797884
C=NC=CC,0.41037760042726423,-2.5937493389816004
CC=CON,0.3601591154974962,-2.6001367496376186
CCNOF,0.4839139916602003,-2.6097490948845627
O=CCOO,0.27819834023626167,-2.610784061922994
CC=COS,0.290553114929561,-2.6108411084245033
CCNCNCN,0.317750051758206,-2.6119828349051684
C=CS(=O)(=O)CN,0.5334558809731368,-2.613148695561541
N=CC=CCl,0.4696663531794369,-2.613629986478879
C=NCNCC,0.3862706966056426,-2.619326498687824
O=CC(O)O,0.2948504303749764,-2.6221439084947704
N=CCCN,0.4425452914362168,-2.623896385581657
C1=CSOCC1,0.42921330114273193,-2.626665863813038
O=C=CBr,0.4313633392804375,-2.628076801750067
CC=CC=C=N,0.36384676226227947,-2.62863168358064
CC(O)C=CCNBr,0.49742791533231545,-2.629327607270724
CC(O)C=N,0.4219879075344953,-2.629947884987026
NCCON,0.4075093253760687,-2.629990355920122
NN=O,0.2296209118278588,-2.631544413500825
O=CCOCl,0.46194352960876833,-2.634421107119695
BrNBr,0.5447939734835131,-2.635442811197941
CCC(C)C=[O+]C,0.36771878554931475,-2.6378765930639596
NCCOS,0.36630261739617553,-2.638343527378551
O=CNC=CCCO,0.49091350276457296,-2.638570245030945
CCN=CO,0.35738036254527494,-2.6407906888251054
CCC=CC=[O+]C,0.28083018525538866,-2.646289291195064
NOCCS,0.36630261739617553,-2.647671607540361
CCON=C=N,0.38970469727536605,-2.6477053405244244
N=CC=CC=O,0.29263781474159517,-2.6546725244156493
O=CCOC=O,0.3401211216067714,-2.656849812493856
CCC=C=CN,0.4705181784897476,-2.6603424283981014
NC=C(N)O,0.33125119928141694,-2.66054737523075
CCNOC=O,0.292458418726568,-2.661649171237145
CC=C=CC=O,0.2609296476399428,-2.6691376682197414
CCNOOO,0.2911650438030688,-2.6697768334304297
CCN=CCN,0.47314207565934674,-2.671192181840596
O=C1C=CC1S,0.4365552237262776,-2.672050646902218
NCCNCN,0.28959111748266764,-2.6789728812023452
CCC=NCN,0.4847029541827657,-2.681147931579925
C[N+](N)=O,0.22781752584728412,-2.6831022682608663
CC(F)(CF)C(O)F,0.5871052378038984,-2.686272387547915
NC(O)=CC=O,0.2582935751759296,-2.687476221695263
CC1(C=O)CO1,0.33114923852076666,-2.689385789038178
CN=CCC=O,0.34946137877610595,-2.6930682379831716
CCCC=C=[O+]C,0.3653926403642538,-2.693919750885171
C=CC=CN=N,0.3886744522831094,-2.6980628500496184
CCC[O+](Br)COC,0.47924972681806016,-2.6986083871192497
COOC=O,0.25760750309367497,-2.7029102901660367
NCOBr,0.5100215985748527,-2.70353255617913
CCC(O)N=O,0.5000497871000962,-2.7106791570252935
O=CCOBr,0.5206707802700904,-2.7108731653068956
N=NCCO,0.4451921047234624,-2.710934124724721
NC1CO1,0.37465831746570954,-2.7117051720232466
CC(O)=COC=CN,0.5244102266942898,-2.7131158310100734
O=CNCCl,0.289046093299618,-2.721473745446446
NOO,0.2827231329978806,-2.7259371156100856
CNN(O)Br,0.4017865340541457,-2.726056152928814
CONCC=O,0.28309691476401005,-2.7261343762822627
O=CC=CN=O,0.27765559399873196,-2.7347051857591853
NCCC(N)Cl,0.38222340235948865,-2.7360869142445976
CCNC=NO,0.2160551223514235,-2.736758444383262
CONC=O,0.34769624816317674,-2.737674566818641
NCCC=C=O,0.46859834944296086,-2.738896990914979
CNC=CF,0.48210218511807645,-2.7399131191978836
NCC(N)F,0.40326404881171246,-2.7400619411598828
COOCC=N,0.23232954563444772,-2.742388713845316
CC(Br)C=CN,0.5588252512738855,-2.7484224604006484
CCN=CN,0.3432319194137924,-2.750063061949041
CCNOCO,0.27872662042132546,-2.7532378271431726
NC=CCC=O,0.4812018001712695,-2.7539823008372277
N=CC=CCF,0.48854545098471186,-2.7640764716482296
NC=O,0.35232551302052717,-2.7651180471826464
CNCOC=O,0.28309691476401005,-2.765971188486992
NCC(O)CF,0.47274500271983033,-2.7675020475141787
CC(CN)N=O,0.4865190361417946,-2.7680280505237738
NC(Br)C=O,0.31111603994789044,-2.769331401658048
CC(S)CC=CN,0.521574297849189,-2.7706585975050015
CC(C)C[O+](C)O,0.3190440686274143,-2.7740487467856325
CS(=O)F,0.3826938600421942,-2.774626377120841
CC=C(N)C=O,0.36081111856372,-2.774880448190151
CC(C=O)OO,0.29612386624035064,-2.779547207138016
NCC(Br)CC=O,0.48346352227205974,-2.780560386997459
COC=CN,0.44539806323412007,-2.7809793724203145
O=CCOCO,0.27878697028163646,-2.7815267979533025
FOOCl,0.3497320367697853,-2.782758783238257
C=CC=C(N)C=O,0.30394005500036564,-2.7831611606177256
NC(F)=CC=O,0.27793800297737586,-2.7849751414525925
C=S(C)O,0.4245878969328096,-2.7857441372835043
CN(S)C=C(F)CN,0.5422281866281276,-2.7861840894097107
CNC=CCN,0.48298512318217923,-2.7877603213403477
CCC=NC=N,0.3836114738071991,-2.790344646780204
CC(O)OCC=O,0.3890284050744468,-2.7983962840854155
NCC(=O)ON,0.37844891141318215,-2.7985105705441478
CC=C=N,0.3962916386871076,-2.8011533116341316
CNCOO,0.2687944910398947,-2.802320783147126
NOF,0.3852193662586176,-2.8046648713157736
NOBr,0.4535314234503538,-2.806036867304772
NC(N)C=CBr,0.5233338113307222,-2.8141611289551824
N=CN=O,0.26393330955025135,-2.8184005398034224
OCOCS,0.3675860537335242,-2.823483514280061
CC[O+]1CC1(C)C,0.3461602851598193,-2.8265913023833433
O=CCOF,0.4372301731122054,-2.8314775307762323
CC=CNCN,0.46501950724666025,-2.8320814211963454
CNC=CO,0.43549048351892494,-2.8326431437814668
NC(O)CC=CCl,0.5200437943025293,-2.8363039366801734
NCC=NC(=O)O,0.4458417176659257,-2.839631538724154
CN=CO,0.3135996788855619,-2.839891383155226
NOCC(=O)F,0.36509918146182396,-2.840017066551083
O=CCC(O)O,0.3335288937935135,-2.8410941741181346
N=CCO,0.3974768896086213,-2.8418743314725794
CC(=O)N=CN,0.3195096168556035,-2.843918596943645
NC=CCO,0.4372277057955193,-2.8466282971202035
CCNOCN,0.2773522284367565,-2.854738243241283
CC=CNN,0.3373341576157998,-2.8574204618214014
NC=C1C=C1N,0.42069252738981955,-2.8579667075525017
C=O,0.36062445834190227,-2.861139651231032
O=CSCBr,0.44068321188326026,-2.8615835374355387
CC(F)NC=O,0.3772499855902823,-2.8624814711415767
C=COC=O,0.3462136611364435,-2.8676975652424725
NCC=CN=O,0.4886874032801879,-2.872384024055571
O=CCNO,0.3322603936457478,-2.8754819505702653
N=CF,0.38598598953170743,-2.875895260649249
NCCNN,0.27366735298963907,-2.880105502390515
N=NCCN,0.4430279476793002,-2.883583513892638
OOOOOO,0.2874982967743397,-2.8849781302913073
CC(N)=CC=C=O,0.375864236769896,-2.885613949764459
CC(O)NN,0.2084801812246783,-2.887122494824468
NC(C=O)=CCCO,0.3814603658207695,-2.894214440692868
CCNC=CN,0.4971023112953457,-2.895340659341619
CCNOS,0.29226277505202797,-2.897348834705499
NC1NC1=O,0.33838377948008647,-2.898141534989986
O=CC=CSN=O,0.24059750502018618,-2.910237554654057
CN=C1OC1C,0.3914511250249481,-2.9113396350293086
C#CC=O,0.27670992988278476,-2.913533806058067
CC=C=CO,0.33549358365065973,-2.9155423707496344
NC(O)CCO,0.3678274322711429,-2.9155843665772143
CC=CC(O)=[O+]C,0.38440297636812276,-2.9155977024866657
NC(N)C=O,0.29138339370834065,-2.9166900315043938
NOCO,0.2974974260850902,-2.9178877584832295
N=C=O,0.2986968655040374,-2.9211209712681305
CNNO,0.34479009233276564,-2.9214163080975752
NCC1CC1N,0.44274354839531965,-2.9218025964499605
O=CC=COC=O,0.28169882559818604,-2.923274289151282
O=COCO,0.3425417110888822,-2.92590987118446
CN=CCO,0.423758991228678,-2.9296885194690865
NC(O)CO,0.3252332653570072,-2.9333803107990657
CCN=COC=O,0.28930510381149516,-2.9354811835814822
CC=NOO,0.2796091270074549,-2.9367697419963092
NCNO,0.2662291627761183,-2.943068399947706
O=C=CCC=O,0.3473360468529139,-2.9485885103839995
CONCS,0.28524858211365584,-2.952875728519877
NNC=O,0.16923031798705804,-2.954178419301654
CCC=[O+]CC,0.3533804267951752,-2.957781060748809
O=COCS,0.29565688498040593,-2.9651895043113052
NCOCC=O,0.27726858075387684,-2.967424776316791
CCC=[O+]C(=O)O,0.39400989383697593,-2.968136346335357
N=CC=O,0.32932933963446337,-2.9735324031925376
OCC(O)S,0.2947156881228586,-2.97841502488134
COC=C=O,0.32114121653761957,-2.979895825856923
CC=S=O,0.3716831467822004,-2.9837838340428307
OCOS,0.25927823099174646,-2.98681807882808
CN=CC=O,0.3129434688214697,-2.988029584876154
CCOC(N)(O)O,0.37832918760028744,-2.9905344440028663
CO[N+](O)(F)F,0.38423390668197904,-2.990885634118604
C=CN=N,0.43750819779608546,-2.994239752010659
NC=CO,0.38489769264107715,-2.9950223389290076
CC=C[O+](Br)CCl,0.35413323348158426,-3.0022278944897747
O=CC=CS,0.28242728570746023,-3.006092207923702
CC(O)OC=O,0.36692758466900427,-3.0089509412905793
NC=CC=O,0.3391518104041194,-3.0101211045156737
CNNCCN,0.2964150216088887,-3.0162662368480886
O=CCNC=O,0.3517157965137284,-3.0169899839275964
COSCN,0.39094995302085195,-3.023937916982805
N=CO,0.29531134882471866,-3.0249409070864286
NC(S)=CC=O,0.27665359289308095,-3.027553051451459
OC=CC=S,0.2935938718760352,-3.027588748886108
NOC=CCl,0.3803833335682404,-3.028045432692974
CC=C=CS,0.3357833696984682,-3.03090617534756
NCCC(N)O,0.3655150823961397,-3.0310496427751024
NC(=CCC=C=O)CC=O,0.44663084933125935,-3.0323984953497143
O=CCN=O,0.33960118856823324,-3.0395241512992492
CCC(O)=[O+]C,0.46964694713736743,-3.0400772936880514
CCC[O+](C)Br,0.5338055504246724,-3.0400886635989695
CC(Cl)OC=CN,0.43740402686432406,-3.042712658306853
N=NCO,0.40993535698735123,-3.045804558513137
NCOCS,0.36630261739617553,-3.0468751038898256
C1CNOC1,0.43245613628336393,-3.0473001353247184
NCNBr,0.3758965340023496,-3.0510870958648764
CCCC[SH]=O,0.414417312992281,-3.0512886631351845
CCCC=[O+]CN,0.313115113918496,-3.0516752634026023
O=CC=CC(O)F,0.3960867608040532,-3.0551276834769756
CNCNC=O,0.2612970619442391,-3.0616166303362204
C[N+](=O)CN,0.33103564330647905,-3.062910901863033
NOC=O,0.3133486032604303,-3.0639610505810997
CONCO,0.33086704029548836,-3.0703333984954475
CC=NC(C)O,0.4616120636356664,-3.0760407332633535
OC=COO,0.27148764758812655,-3.0777108217037674
N=CCN,0.39567639083345996,-3.0813252688312356
NCOC=O,0.34072764983134407,-3.0839026741255346
C=N,0.3688699435539986,-3.0854856549533265
CCC(=O)[O+](C)C,0.35363343212616943,-3.0883023538373697
CNNC=O,0.32112593626004987,-3.090091918460884
N=NN=N,0.3327279494063944,-3.0937309054477042
O=C=CC=CF,0.3413591790397374,-3.09694673378197
NC=CCN,0.43503485887117777,-3.097173544735236
OC=COBr,0.5550485295364983,-3.1006707581607
N=CC=CCN,0.45959599669590384,-3.101483779547022
N=CCC=O,0.36702413703705766,-3.1033395314080217
NOCC=O,0.34072764983134407,-3.1070823144180317
O=CC(Cl)C=CF,0.39836171767582185,-3.1083285189804317
C=NNCCF,0.2977846424640967,-3.1104648019207475
C=C=CC=O,0.2486330501876075,-3.11332753313968
NCC(N)O,0.32328075470762857,-3.1133934235218668
NC(F)C=CCF,0.4089874275332573,-3.1141404293349715
CCON=[O+]C,0.3655067162808638,-3.1155550362711657
CON=CN,0.2595901955125827,-3.120506289482298
N=CC=CO,0.3467090365104633,-3.1222174163774556
C=S,0.36018438507061407,-3.123554252010395
CCNON,0.4316739491605139,-3.1260566812770736
CCC=[N+]=CCC,0.36137419329941955,-3.12654507579581
NNCO,0.19464350883580148,-3.1273994899661877
CN=CN,0.2985866824703176,-3.1292368775763255
COSC=O,0.36562299237585827,-3.1301790718043443
NCCC=NC=O,0.385928594525489,-3.1302771515814807
CC=NC=O,0.32123875422040105,-3.138589371677764
CC1=C[O+]1C,0.3751866775778677,-3.1433864440089905
NC=CCS,0.44641913908584807,-3.143669619321065
N=CC(F)OCCF,0.5537199123130231,-3.146616270771407
C[O+]=CCCC(=O)S,0.3404328978853239,-3.1506724166051563
O=C[N+](=O)O,0.2552991397788454,-3.155459941599154
CNOC=O,0.34794795429154257,-3.157042050148019
O=COS,0.27133842737093844,-3.1635306357496717
C=CC=C=O,0.32390247368871167,-3.166418805529576
CCC[O+](O)COC,0.2605242379276366,-3.16807737646454
CNCON,0.32920609888859226,-3.1710287884974013
NCOC=C(N)O,0.3173042180025556,-3.172586575092106
CC=C[O+](F)CC,0.37274771157610886,-3.1730941701298767
CONCN,0.32920609888859226,-3.178095128674774
CC=CC(N)C=O,0.39352161040252986,-3.181229605117243
NOC=CBr,0.4280134995687894,-3.1817672179191665
CN=CCN,0.4221658991549769,-3.1919897037264
NC(O)C=O,0.2931342481890724,-3.196325786549835
NC(S)(Br)CC=O,0.21573194869211154,-3.1964736460096543
CC=NCN,0.43467584558190525,-3.1980409171719706
NC1CN1,0.3463017093673689,-3.200052670790534
C=CNC=O,0.451492515528707,-3.203643827393521
NCCC=NN,0.2650133354189227,-3.2087527455872444
CC=CC=S=O,0.34937023011736074,-3.2102428826157614
CCC=[SH]CC,0.3997466253431842,-3.215762014846018
NCNCC=O,0.25572222980671916,-3.216869067707054
C[O+]=CCCCl,0.2832378897180575,-3.217456918826124
CCN=CNCO,0.2884455821242574,-3.218817063170366
CNOCO,0.33086704029548836,-3.22036215079656
CONOSC,0.32156388534792574,-3.2239786182635437
N=CCOO,0.2781494056640603,-3.2301295368259373
OCNCS,0.3148716978263731,-3.2437914000314803
O=CNC=CF,0.47997506368005394,-3.2453012955804783
O=CNCS,0.27058095035351915,-3.2456911913635933
COCS(=O)O,0.5010964377867557,-3.248116649344683
O=CNCO,0.31577969931268973,-3.2515313541975037
CC=CN=CN,0.3645248145263507,-3.2643517601519263
CNC=N,0.3180198583067189,-3.2645501887541943
CNC=COC=O,0.39659704399152795,-3.277428971944652
CC=C=CN,0.41475084594624406,-3.2830875606276866
COCC(F)C(N)O,0.4852515644375018,-3.28480595858661
CCC[O+](C)F,0.45442827347312914,-3.285975534737416
COC=NN,0.1977664303613472,-3.2869422403145934
O=COC=O,0.321566253304478,-3.295157126203858
NON=O,0.3304549377855418,-3.2952346143514095
CCC[O+](C)C,0.44708424784725986,-3.2952744158242067
CNCCC=[O+]C,0.3014975808071193,-3.2984674446011493
CCCC(N)N=[O+]C,0.5507083490908201,-3.298902596149492
NCOCN,0.4075093253760687,-3.2997081769620795
OCNCO,0.35059081747990806,-3.3104046440291843
CONOC(C)CO,0.48986156957411203,-3.3135548140090596
NC=COCF,0.4977985753697609,-3.3144990003517165
O=CSCO,0.38024507558984594,-3.3168119183837135
CN=COBr,0.39037538715455633,-3.317741933350318
FC=NF,0.3711306857627378,-3.3183359857823804
CC=NON,0.347983414402541,-3.318958739909203
SC1C=CN1,0.40640979876015765,-3.3206326207633112
O=CCN(O)O,0.3470282668184519,-3.323188979854922
C[SH]=CCCCN,0.31783423584611253,-3.3243217739388364
NCC(Br)C=O,0.4433243229204694,-3.324860092687879
CC=C=C=O,0.29904045841151905,-3.328218473314453
N=CCOBr,0.5660474893111997,-3.330218640209836
COOC=CN,0.2938688814987689,-3.331700582283809
NCOC=CO,0.3680595709490151,-3.333634625371019
CC1C=NOC1,0.4226564863641244,-3.334120680706567
N=NCC=O,0.3677897318344706,-3.3374447193300387
N=C=CCC=O,0.380244375652095,-3.338466925960819
CNOCN,0.32920609888859226,-3.339879817618168
N=NC=O,0.33891717577851027,-3.3429331176696517
COC=NCN,0.36777670790975703,-3.346032707434921
O=S=O,0.37408995926913374,-3.3532794632238825
O=S1(=O)CCC=N1,0.4426701070991423,-3.3571978467291763
O=CNCOC=O,0.2778534291862756,-3.359040040994717
CN=NC=O,0.3225457141822259,-3.360644724541444
C[O+]=C(S)C=CBr,0.35798937413065496,-3.375249837112084
CC=CC=[O+]C,0.25475435979686845,-3.4011364219652758
O=CNC=O,0.4210788262886126,-3.4020926312864668
NNCC=O,0.24169349822386624,-3.4027900499532717
O=NCOF,0.4546398642679824,-3.405428128874371
NC=COCC=O,0.299613386151386,-3.4073491901064137
CCOC=[O+]C,0.3527893556289724,-3.40893619989633
CONC=CN,0.45002992728917474,-3.4138551798886088
NN(F)CO,0.18362637083339356,-3.4261324404740248
C[O+]=C1CC1,0.3686590091378357,-3.4298166283805465
NCC=NCC=CO,0.40318190706771,-3.43368213021862
O=CCOOC=O,0.20444962137663772,-3.4355469152268623
CNC=CN,0.4434846698638846,-3.437377133609546
N=CCOF,0.4791407599063272,-3.450823005679173
C[N+]1(O)CC1=O,0.24283663322027985,-3.46197428644124
NCNC=O,0.31403744257379274,-3.4709105915184906
O=CON=O,0.26011239048251356,-3.4713353854568103
NC(Br)OC=O,0.25899096377415487,-3.4739853483308516
CC=NNN,0.24853010607848877,-3.4753330698494054
COC(O)OF,0.48403167840407735,-3.4791570234330105
CC[O+](C)C,0.40567287503121824,-3.4851610093355974
NC1(CO)CCO1,0.44977916418445363,-3.4895750910634917
CCC=C=S=O,0.4421817344463018,-3.494319465583365
CC=[N+]=C(C)O,0.25344012100468777,-3.50020676749667
CSC=NC=O,0.28971397843050467,-3.5154075357979218
NC=CN=O,0.44910093303507614,-3.5179190026169764
O=CCC=NS,0.3074490294267931,-3.5180992156464095
CC[O+](S)C=CCl,0.2583827640721474,-3.5197593709550388
NC=CN,0.389560299782043,-3.521600647072588
NC=CC=CN,0.4368525830557975,-3.5278872767829026
CC[O+]1N=C1C,0.42120377934303654,-3.5326052443012497
CCC=[O+]C,0.32051664669740787,-3.5336645697203024
CC=CN=[O+]C,0.43114703131662196,-3.5339582757538137
NOC=CO,0.33791049885621954,-3.536632862591553
NCC(Cl)=CC(N)S,0.393524317583901,-3.542095790910149
NCNCN,0.3465778715222632,-3.55069224048864
NC(O)COO,0.22641744640626318,-3.562322512214969
O=C=CC=O,0.2382083677747507,-3.5698809219103054
CC=CC=[SH]C,0.28907648807710173,-3.5753738975002327
N=CN,0.2806732350482354,-3.5756614793200243
C=[O+]CC,0.38656013165446207,-3.5819258064567054
CC=[O+]CC,0.32051664669740787,-3.583499518529972
N=CC=CN,0.4224673850071633,-3.586991869202375
CNNCO,0.28158681158878995,-3.5887905770179125
CC[SH](=O)=O,0.44922178951795827,-3.5973590519281045
CC=[N+]=CCC,0.3265376351941936,-3.599007277771435
NCC=C=O,0.41659212790621214,-3.60624227445603
CNN=CN,0.24012007988087988,-3.610046419503149
CCC=[O+]Cl,0.3419122164020917,-3.6204921022818684
C=CC=[O+]CC,0.26828174209633043,-3.622227095903178
NN=CC(=O)S,0.20161782837731831,-3.625317858209419
NN=CC=O,0.18931581071068598,-3.6313688206563257
O=COC=S,0.35552061239155464,-3.6329673191951852
CCN=[N+]=O,0.3247390065311184,-3.6351335428188833
CONOC=O,0.2811358039406503,-3.6539175561870665
N=CC=N,0.4054240969465395,-3.6591839163963464
C[O+]=CC1=CC1C,0.34039913689287815,-3.668709667921377
O=CSC=O,0.4508181691545704,-3.6821469312699446
NC=C=O,0.3730945056555881,-3.686214753978096
N=CNO,0.21837020201030116,-3.6898675239776
C=NOCN,0.2733743592799498,-3.691538133689105
CNNCN,0.28010282386806834,-3.696552307197237
CCOOC=[O+]C,0.16947444224642097,-3.697629529150728
O=CNOO,0.25586730165227994,-3.6995297413338903
N=C(S)C=NN,0.1393724783016047,-3.7000593456050823
NC=COO,0.25987885111760683,-3.720919947651312
NC=CC=C=O,0.35352174642561784,-3.7231994814378124
N=CCON,0.3432519169145475,-3.7264277893209736
NNC1C=CC1=O,0.32503990841890984,-3.7285785927053046
CCC[O+](CC(C)N)NCl,0.36388764418158015,-3.7288877315759335
OONCF,0.2770263569824963,-3.7411254140683137
NC=COBr,0.5420449536374266,-3.7438798841082455
O=CC=NC=O,0.3321588742644236,-3.7492459501553888
CCCC=[SH](=O)O,0.41417728075329496,-3.7724940142165035
C=C=CON,0.27160274439886917,-3.7732241126481703
NC=COC=O,0.36764553807224787,-3.7751549560967574
CC=S=C=CF,0.40766670789408255,-3.782626783237846
C[O+](C)CCC=O,0.37334632733454143,-3.8149780591627946
C[O+]=CCCO,0.3663413182861081,-3.815955322579463
NSCN=O,0.3938482831084473,-3.816181562166198
NC=C=CF,0.4159673056852365,-3.822247108042928
NCOC=C=O,0.2740874313847707,-3.8231108564187424
CC=[O+]C,0.28198183726341436,-3.8349581446906966
O=C=NC=O,0.23699331593274112,-3.840766133289413
CONOCN,0.26575421869475085,-3.847006628191204
CCC=[N+]=O,0.3235311646211021,-3.854283603416819
O=[N+]=CCCF,0.3529410298880802,-3.856902156866805
CN=CN=N,0.26823317808364877,-3.8643858963979523
CC1=C[OH+]1,0.36711478817745236,-3.865877800621035
CC=CC=[O+]O,0.16532860140319022,-3.8664853625801796
C[O+]=CC=CC=O,0.2740845870702171,-3.866860352058944
CCNC=[O+]C,0.36026337587130974,-3.8712483986709
NOC=C(N)S,0.24119883539206818,-3.8751629752353067
NCC=NC=O,0.3520700178666684,-3.886924788451775
NC=CNCF,0.4657551027280964,-3.8875486082937747
C[O+]=CC(=O)Br,0.2292020356597906,-3.8912007303596927
CC=CS(N)=O,0.5062109703439658,-3.8932093053985137
NNNO,0.2170946386211854,-3.894789267118681
NC=CNO,0.36370389777344375,-3.8988411344097424
C=CC[O+](C)C,0.3486222676499521,-3.9017319508219894
NC=COF,0.45717304364509104,-3.902946607505045
NCC=NN,0.2346610887065567,-3.912266433553502
NCONC=O,0.19333427527225364,-3.9203326842823283
NC=COCN,0.3480305901614891,-3.9345846730923646
CNC=NC=O,0.2765236644967238,-3.936846988242755
O=CNC=NO,0.1517255126225238,-3.9387449109477752
NC=CNC=O,0.430467817550622,-3.944126187440403
C[O+]1CC1=O,0.21895067265541704,-3.946064676225699
CC=C[O+](C)O,0.22147292247574732,-3.9460979193214656
COC[O+](C)F,0.3620804717968393,-3.946766231117285
N=C=CC=O,0.26238876400081435,-3.9505446637793358
NNNC=O,0.2041008463230387,-3.9646397603339243
C[O+]=CCCN,0.3649527001667883,-3.9648819982947763
C[OH+]C(C)Br,0.37853641615022665,-3.9657620212684246
NOC=CS,0.2759759534157903,-3.97487602270813
CC(O)N=CCN,0.45523216297340546,-3.9843627159996653
CC=[N+]=C(C)N,0.240764170150752,-3.9849901652385387
CC=[N+]=O,0.2826849633579566,-3.994312135918585
N=CC(F)OCO,0.390491482976832,-4.002462659887996
N=C=CCN,0.4105011518933828,-4.003070429208199
CCC[O+](C)N,0.3868664493387905,-4.003300267038799
C[O+](C)CC(=O)F,0.3666039211148548,-4.005952336321188
NCCOC(N)(N)O,0.308187681745545,-4.006676255955679
CC(N)NC(O)CF,0.42805184373504584,-4.018209038863182
OCNOO,0.22390763592295118,-4.019806504960297
NCC(O)(O)CN,0.29479515839611625,-4.053928520009444
C[O+]=O,0.35943046127062983,-4.075724601344321
CNC=CC=[O+]C,0.29638555684202234,-4.092414638002939
C[O+]=CCBr,0.2874384794854185,-4.097423996953987
CC[O+]1CC1C,0.3307307718118873,-4.101916064909414
C[O+]=C1CO1,0.28529725974431563,-4.11262840897802
CNCC=[O+]C,0.3591051676792281,-4.1192923318316375
C[O+]=CC=CF,0.25597597309987447,-4.124246029626212
C[O+]=CCC=O,0.2632703455729167,-4.133262421656779
CNC=C=N,0.417359987840192,-4.134235575113944
NOCC(N)O,0.27578221162799293,-4.1343392192399
C[O+]1NC1=O,0.313700514647006,-4.135024075271717
CC1C[O+]1Cl,0.31156922296262685,-4.142978026703332
N=NCON,0.35406023267231806,-4.151548519924454
NC(C=O)N=O,0.35576994002975737,-4.15722434735628
CONON,0.413341262361302,-4.161924257339454
CC1C[O+]1C,0.2910503203299692,-4.173385759149243
NC=CON,0.31933451469902946,-4.179841988539096
NONC=O,0.3117637219143372,-4.187011041347217
C[O+]=NO,0.318203295522058,-4.215129744854819
NC=NC=O,0.24849782759498706,-4.21540886432166
CC[SH](S)CCN,0.39142869251008655,-4.226167089272639
N=NC=CN,0.4328876453496258,-4.229776322376091
CC=C[O+](N)Br,0.3424971224706559,-4.230259296568152
N=COC=CN,0.2829544164904756,-4.230693593171914
N=C1C[O+]1Cl,0.33614238913667377,-4.247706842929528
C[O+](C)O,0.2432564665041382,-4.257803418490726
N=CNC=O,0.25375829662296057,-4.2601091764117225
CC[O+]=CCN,0.3649527001667883,-4.266134263849235
C[O+]1CC1=N,0.311497773422277,-4.278114575375437
NOC=C=O,0.2515162001842557,-4.290742255462627
C[O+]=COCF,0.35380246874514826,-4.29557711562
CC=[O+]OC,0.18989527114897245,-4.304256879811206
CC=CC=[O+]N,0.2098904357766749,-4.307548282870497
C=CC=[O+]C,0.24264856407956548,-4.315404823813433
CCCO[NH+]=N,0.27157561621306897,-4.31561175104107
COC=[O+]C,0.31602242292866384,-4.320810288018022
N[N+](O)(O)C=O,0.09300967370539644,-4.358072173002757
NCC=NNN,0.21587386200985464,-4.361323157244126
CC=N[O+](C)C,0.25578572507909747,-4.368771907589913
NC=CC(N)O,0.35004659506001073,-4.38237130393569
COC[O+](N)Br,0.3558726694044358,-4.40890521119343
C[O+](Cl)CCN,0.5086131088008004,-4.418734565468672
C[O+](C)CO,0.33821020227018356,-4.424117998057596
O=[O+]Cl,0.3845020934773713,-4.448229913107989
CCO[OH+]C,0.2600293994984902,-4.4703903133116984
CCOO[OH+]N,0.22694863066390825,-4.470752002747464
O=CC=CC[SH]=O,0.3130795333062671,-4.482185222657474
NC=C=CS,0.326383107848521,-4.4835706293603845
CC1C[O+]1CF,0.3323850644244419,-4.488895864369791
CC[O+]=S=O,0.42248861454833575,-4.49009564840375
C[O+]=CO,0.30670514460749376,-4.504273621265671
N=CNCN,0.22517955900741224,-4.5123453046473365
CCC=[O+]N,0.26523438881427164,-4.527599059472507
NC=CS(=O)F,0.4832964881844648,-4.536816942362556
C=CN=[N+]=O,0.32597085183832264,-4.546375123293538
NOC(S)C=O,0.2128640546148117,-4.566217145946926
O=CC=S=O,0.31183915054359895,-4.577830711490321
O=CCC=[O+]C=O,0.2722200276162089,-4.583974354987459
CC[SH]=O,0.4351102405683418,-4.596928909391785
N=CN=CN,0.3198435992419667,-4.597348310010531
C[O+](C)CCN,0.46556270342520056,-4.615864867465675
C[O+](F)COO,0.2353165440941382,-4.627183430536856
CC[O+]=CN,0.32611453807121765,-4.634238721296805
C=CC=[N+]=O,0.31718608036431256,-4.636023857509949
C[O+]=CC(N)CC=O,0.39004041771194836,-4.656026562989947
C[O+](O)O,0.23886113099327894,-4.6597996804313375
COC[O+](C)N,0.28692132494088185,-4.664090963418667
NC=[SH]C(Cl)Br,0.36133244834121425,-4.676811970938356
N=C=CON,0.25223593579064524,-4.709881133451123
NC=NCNN,0.1644615391336597,-4.7230625919163245
CN=[O+]S,0.25112627763095063,-4.723383213650049
NCNON,0.2710705816682462,-4.726667042294608
NOC(N)C=O,0.24198930889457929,-4.73233059305462
C[O+]=CCO,0.32548413580855096,-4.737463368834023
C[O+]=CC=CN,0.2681694635879678,-4.750498777282056
C[SH](S)Br,0.39229042803237735,-4.77279438430741
NOC=NS,0.2026467276684175,-4.781215850004699
C[O+](O)CC=O,0.22184873091014773,-4.78805615886662
CC=[O+]CN,0.257636196292145,-4.796189526736232
CC[O+]=[N+]=O,0.3226702155943441,-4.8071061579582235
C[O+]=NC=O,0.3203469358116049,-4.810875248726779
N[O+]1CC1=O,0.2942239282843965,-4.825424088214582
C[O+]=NOO,0.27877032324388046,-4.8343734786250465
CC=[N+]=CC=O,0.23726610744824486,-4.842253786779558
O[SH](O)O,0.32130813525420354,-4.846045975720257
C[SH](S)S,0.30679046686220046,-4.851197833583729
C[O+]=CC=O,0.23456735959051953,-4.868959583455286
O[O+](O)O,0.2113895414841405,-4.8804174932667514
C[O+]=CCN,0.32419060789688464,-4.910444990994005
CC[SH]=CN,0.349486305497398,-4.9259069826975495
N=[O+]C=O,0.33641193390284785,-4.932109442292614
O=CC=C[SH]=O,0.2948347244245365,-4.937727820344948
O=CC=[O+]Cl,0.25627288171540263,-4.955787116016852
O=C1C[O+]1NF,0.2675950932556332,-4.963901429440776
COC(N)[O+](F)C=O,0.31230400173060757,-4.968743236522789
C[OH+]C(=O)CO,0.320624536436355,-4.983155244237279
N[N+]1=CC1,0.27897975661161234,-4.9846411515053966
C[O+]=CN,0.282463425596967,-5.010696461224006
NCC[O+]1CC1,0.3579376889240361,-5.018443615872323
C[O+]=COO,0.20359301585894293,-5.022642033474817
N=C[O+]=CCl,0.1613007263047237,-5.027061042361037
CC=[O+]N,0.2306755135473731,-5.036353680598715
N[O+]=CCC=O,0.20744031936216872,-5.039674282562004
CC1C[O+]1N,0.3130281129413692,-5.052745171138126
NC=CC=[N+]=O,0.33995367620897227,-5.071134582355576
CC1C[O+]1CN,0.35045661085583757,-5.072596487262844
C[O+]=CNC=O,0.3430324625390747,-5.073234865235413
OC=[N+]=CCl,0.2529112488617476,-5.087304576603509
C[OH+]C(Br)C=O,0.31396874930258795,-5.089706409002133
C[OH+]C(N)(O)F,0.24136330545352747,-5.091612207509092
C[O+]=COF,0.3247589421425228,-5.093051186186889
N=[O+]Br,0.45519075393939784,-5.118196195522005
NCC[O+](N)Cl,0.37384178817136404,-5.126760416683263
C[N+](N)(O)C=CN,0.22977578809075636,-5.128007804246815
O[O+]1CC1,0.23808736174127182,-5.157666663680628
O=CC=[N+]=O,0.22853212348685567,-5.189578617151804
C[O+](N)C=O,0.2522567354007266,-5.209212013329385
C[O+](N)C=CO,0.2717650968781792,-5.210616274289782
C1#COCC1,0.3724784675989457,-5.220752589966999
O=CC=[N+]=CF,0.2372005270085188,-5.228084613809045
NCC=[N+]=O,0.3144917753971534,-5.231064024690522
C=C[SH]=CN,0.3508255532570139,-5.26555447851729
N=[O+]F,0.39322055361512814,-5.288034934776896
C[SH](=O)=C=O,0.31221750608745624,-5.310334888603716
COC=[O+]N,0.2522686040053352,-5.314744777770228
C=CC[O+](N)N,0.27132593942137107,-5.317783653251174
C[O+](N)CC=O,0.27504721804746757,-5.3274032883385445
CC=NC=[O+]N,0.20180446307641117,-5.356154644164077
C[O+]=NON,0.3454696556047906,-5.366655119799066
O=[SH]1=CC=C1,0.32027530162259144,-5.444193018651195
C[OH+]OO,0.25518419228817,-5.469151171270484
N=[SH]CC=O,0.3572470657048202,-5.483572426936092
NCC[O+](N)O,0.22893445793919107,-5.492569440422935
C[O+]=CON,0.2522686040053352,-5.520039210482066
N[O+]=CC=CS,0.15908862834016457,-5.526691505111817
FN[OH+]Br,0.3068278145717704,-5.554239975746567
C[SH]1CC1CN,0.3549580280348946,-5.55797044313452
C=[O+]S,0.23384578200332215,-5.574821260620478
NCC[SH]=O,0.42507629971026023,-5.619986833908921
C[OH+]Cl,0.36158044045983107,-5.663620438311872
F[OH+]Cl,0.37014169265151575,-5.664897640805801
N[O+]1NC1Br,0.20812108401559748,-5.693316370466375
O=[N+]=COS,0.15862050249420534,-5.701269959704343
NC=[O+]CO,0.2247844275568553,-5.754577498878728
O=[SH]Cl,0.3251236837577737,-5.812632081268431
Br,0.399655785271203,-5.832978205171861
N[O+]=CC=O,0.18356568207730556,-5.862894073207492
C[SH]=NNO,0.3030305595315892,-5.889693288007415
NC=[SH]CN,0.2894538662834292,-5.927539593598853
N[O+]1CC1O,0.2794137348439633,-5.928744007863909
O[OH+]Br,0.2738556393004376,-5.939446565130362
O=[SH]F,0.30751197294579524,-6.0005797837258665
NCC[O+](N)N,0.27875534384477146,-6.031916569894857
NC[O+]1CC1N,0.3114420406845736,-6.0324571885080385
N=C[SH]=O,0.24799370741586174,-6.060191153202755
NC=C[SH]=O,0.4215091393894072,-6.0972242516477575
N=[SH]F,0.3842443428723363,-6.154450701374701
C=[SH]S,0.23907276944756378,-6.231852106550788
NON=[O+]N,0.3102754472196661,-6.248972102409613
O=[SH]O,0.29260242565734423,-6.257019744847883
O=[O+][SH]=NF,0.3739959003201825,-6.321820778887355
NC=C[O+](N)N,0.21286024894805888,-6.401720060553645
O=[SH]ONF,0.27165742262879816,-6.429304842087046
O[SH]=S,0.3924500172600903,-6.436263598158636
N[OH+]O,0.21748385779437357,-6.509537100427641
S=[SH]S,0.32013531214282226,-6.673182083878814
O=[O+][SH]=O,0.34018703839285713,-6.7398303292638975
CC=CCCC12CCC13C1(C)C4(C)C5CC67C18C(C)C61C4(C2)C2(C)C8(C)C57C231,0.5172426034205312,-10.658581305974613
